{
  "HVIGOR_OHOS_PLUGIN": {
    "MODULE_CONFIG": [
      {
        "MODULE_NAME": "entry",
        "API_TYPE": "stageMode",
        "TARGETS": [
          {
            "name": "default",
            "runtimeOS": "HarmonyOS"
          },
          {
            "name": "ohosTest",
            "runtimeOS": "HarmonyOS"
          }
        ],
        "DEVICE_TYPES": [
          "phone",
          "tablet"
        ],
        "AOT_COMPILE_MODE": "type"
      }
    ],
    "PROJECT_CONFIG": {
      "PRODUCTS": [
        {
          "NAME": "default",
          "COMPATIBLE_SDK_VERSION": "4.0.0(10)",
          "RUNTIMEOS": "HarmonyOS"
        }
      ],
      "MODULES": [
        {
          "TARGETS": [
            {
              "NAME": "default"
            }
          ]
        }
      ],
      "BUILD_MODE": "debug"
    }
  },
  "totalTime": 371213900,
  "moduleNum": 1,
  "taskTime": {
    "compileArkTS": 0,
    "buildArkTS": 0,
    "compileJS": 0,
    "buildJS": 2886200,
    "compileResource": 0,
    "packageHap": 0,
    "signHap": 1692000
  },
  "isIncremental": true,
  "hasIncremental": true,
  "isParallel": true,
  "IS_DAEMON": true,
  "LOG_LEVEL": "INFO",
  "IS_HVIGORFILE_TYPE_CHECK": false,
  "TASK_TIME": {
    "entry": {
      "ConfigureCmake": 417700,
      "PreCheckSyscap": 475900,
      "GeneratePkgContextInfo": 505800,
      "ProcessIntegratedHsp": 1695700,
      "BuildNativeWithCmake": 493700,
      "SyscapTransform": 2976500,
      "BuildNativeWithNinja": 707700,
      "BuildJS": 2886200,
      "SignHap": 1692000,
      "assembleHap": 377500
    }
  },
  "BUILD_ID": "202412050900228490"
}