{"modules":[{"assertions":{},"code":"import UIAbility from '@ohos.app.ability.UIAbility';\r\nimport hilog from '@ohos.hilog';\r\nexport default class EntryAbility extends UIAbility {\r\n    onCreate(want, launchParam) {\r\n        hilog.info(0x0000, 'testTag', '%{public}s', 'Ability onCreate');\r\n    }\r\n    onDestroy() {\r\n        hilog.info(0x0000, 'testTag', '%{public}s', 'Ability onDestroy');\r\n    }\r\n    onWindowStageCreate(windowStage) {\r\n        // Main window is created, set main page for this ability\r\n        hilog.info(0x0000, 'testTag', '%{public}s', 'Ability onWindowStageCreate');\r\n        windowStage.loadContent('pages/SplashIndex', (err, data) => {\r\n            var _a, _b;\r\n            if (err.code) {\r\n                hilog.error(0x0000, 'testTag', 'Failed to load the content. Cause: %{public}s', (_a = JSON.stringify(err)) !== null && _a !== void 0 ? _a : '');\r\n                return;\r\n            }\r\n            hilog.info(0x0000, 'testTag', 'Succeeded in loading the content. Data: %{public}s', (_b = JSON.stringify(data)) !== null && _b !== void 0 ? _b : '');\r\n        });\r\n    }\r\n    onWindowStageDestroy() {\r\n        // Main window is destroyed, release UI related resources\r\n        hilog.info(0x0000, 'testTag', '%{public}s', 'Ability onWindowStageDestroy');\r\n    }\r\n    onForeground() {\r\n        // Ability has brought to foreground\r\n        hilog.info(0x0000, 'testTag', '%{public}s', 'Ability onForeground');\r\n    }\r\n    onBackground() {\r\n        // Ability has back to background\r\n        hilog.info(0x0000, 'testTag', '%{public}s', 'Ability onBackground');\r\n    }\r\n}\r\n//# sourceMappingURL=EntryAbility.js.map","customTransformCache":false,"dependencies":["\u0000rollup_plugin_ignore_empty_module_placeholder"],"id":"D:\\LHarmonyProject\\BaiZhanKeep\\entry\\src\\main\\ets\\entryability\\EntryAbility.ets","meta":{"hostModulesInfo":[],"moduleName":"entry","isLocalDependency":true,"isNodeEntryFile":false,"pkgPath":"D:\\LHarmonyProject\\BaiZhanKeep\\entry"},"moduleSideEffects":true,"originalCode":"import UIAbility from '@ohos.app.ability.UIAbility';\r\nimport hilog from '@ohos.hilog';\r\nimport window from '@ohos.window';\r\n\r\nexport default class EntryAbility extends UIAbility {\r\n  onCreate(want, launchParam) {\r\n    hilog.info(0x0000, 'testTag', '%{public}s', 'Ability onCreate');\r\n  }\r\n\r\n  onDestroy() {\r\n    hilog.info(0x0000, 'testTag', '%{public}s', 'Ability onDestroy');\r\n  }\r\n\r\n  onWindowStageCreate(windowStage: window.WindowStage) {\r\n    // Main window is created, set main page for this ability\r\n    hilog.info(0x0000, 'testTag', '%{public}s', 'Ability onWindowStageCreate');\r\n\r\n    windowStage.loadContent('pages/SplashIndex', (err, data) => {\r\n      if (err.code) {\r\n        hilog.error(0x0000, 'testTag', 'Failed to load the content. Cause: %{public}s', JSON.stringify(err) ?? '');\r\n        return;\r\n      }\r\n      hilog.info(0x0000, 'testTag', 'Succeeded in loading the content. Data: %{public}s', JSON.stringify(data) ?? '');\r\n    });\r\n  }\r\n\r\n  onWindowStageDestroy() {\r\n    // Main window is destroyed, release UI related resources\r\n    hilog.info(0x0000, 'testTag', '%{public}s', 'Ability onWindowStageDestroy');\r\n  }\r\n\r\n  onForeground() {\r\n    // Ability has brought to foreground\r\n    hilog.info(0x0000, 'testTag', '%{public}s', 'Ability onForeground');\r\n  }\r\n\r\n  onBackground() {\r\n    // Ability has back to background\r\n    hilog.info(0x0000, 'testTag', '%{public}s', 'Ability onBackground');\r\n  }\r\n}\r\n","originalSourcemap":{"version":3,"mappings":[[[0,0,0,0],[1,0,0,7],[2,0,0,7],[3,0,0,7],[4,0,0,7],[5,0,0,7],[6,0,0,7],[7,0,0,7],[8,0,0,7],[9,0,0,7],[10,0,0,7],[11,0,0,7],[12,0,0,7],[13,0,0,7],[14,0,0,7],[15,0,0,7],[16,0,0,16],[17,0,0,22],[18,0,0,22],[19,0,0,22],[20,0,0,22],[21,0,0,22],[22,0,0,22],[23,0,0,22],[24,0,0,22],[25,0,0,22],[26,0,0,22],[27,0,0,22],[28,0,0,22],[29,0,0,22],[30,0,0,22],[31,0,0,22],[32,0,0,22],[33,0,0,22],[34,0,0,22],[35,0,0,22],[36,0,0,22],[37,0,0,22],[38,0,0,22],[39,0,0,22],[40,0,0,22],[41,0,0,22],[42,0,0,22],[43,0,0,22],[44,0,0,22],[45,0,0,22],[46,0,0,22],[47,0,0,22],[48,0,0,22],[49,0,0,22],[50,0,0,22],[51,0,0,51],[52,0,0,52],[53,0,0,52]],[[0,0,1,0],[1,0,1,7],[2,0,1,7],[3,0,1,7],[4,0,1,7],[5,0,1,7],[6,0,1,7],[7,0,1,7],[8,0,1,7],[9,0,1,7],[10,0,1,7],[11,0,1,7],[12,0,1,12],[13,0,1,18],[14,0,1,18],[15,0,1,18],[16,0,1,18],[17,0,1,18],[18,0,1,18],[19,0,1,18],[20,0,1,18],[21,0,1,18],[22,0,1,18],[23,0,1,18],[24,0,1,18],[25,0,1,18],[26,0,1,18],[27,0,1,18],[28,0,1,18],[29,0,1,18],[30,0,1,18],[31,0,1,31],[32,0,1,32],[33,0,1,32]],[[0,0,4,0],[1,0,4,0],[2,0,4,0],[3,0,4,0],[4,0,4,0],[5,0,4,0],[6,0,4,6],[7,0,4,7],[8,0,4,7],[9,0,4,7],[10,0,4,7],[11,0,4,7],[12,0,4,7],[13,0,4,7],[14,0,4,14],[15,0,4,21],[16,0,4,21],[17,0,4,21],[18,0,4,21],[19,0,4,21],[20,0,4,21],[21,0,4,21],[22,0,4,21],[23,0,4,21],[24,0,4,21],[25,0,4,21],[26,0,4,21],[27,0,4,21],[28,0,4,21],[29,0,4,21],[30,0,4,21],[31,0,4,21],[32,0,4,21],[33,0,4,34],[42,0,4,42],[43,0,4,51],[44,0,4,51],[45,0,4,51],[46,0,4,51],[47,0,4,51],[48,0,4,51],[49,0,4,51],[50,0,4,51],[51,0,4,51],[52,0,4,51],[53,0,4,51],[54,0,4,51]],[[4,0,5,2],[5,0,5,10],[6,0,5,10],[7,0,5,10],[8,0,5,10],[9,0,5,10],[10,0,5,10],[11,0,5,10],[12,0,5,10],[13,0,5,11],[14,0,5,15],[15,0,5,15],[16,0,5,15],[17,0,5,15],[18,0,5,15],[19,0,5,17],[20,0,5,28],[21,0,5,28],[22,0,5,28],[23,0,5,28],[24,0,5,28],[25,0,5,28],[26,0,5,28],[27,0,5,28],[28,0,5,28],[29,0,5,28],[30,0,5,28],[31,0,5,28],[32,0,5,28],[33,0,5,28],[34,0,5,28]],[[8,0,6,4],[9,0,6,9],[10,0,6,9],[11,0,6,9],[12,0,6,9],[13,0,6,9],[14,0,6,10],[15,0,6,14],[16,0,6,14],[17,0,6,14],[18,0,6,14],[19,0,6,15],[20,0,6,21],[21,0,6,21],[22,0,6,21],[23,0,6,21],[24,0,6,21],[25,0,6,21],[26,0,6,21],[27,0,6,23],[28,0,6,32],[29,0,6,32],[30,0,6,32],[31,0,6,32],[32,0,6,32],[33,0,6,32],[34,0,6,32],[35,0,6,32],[36,0,6,32],[37,0,6,32],[38,0,6,34],[39,0,6,46],[40,0,6,46],[41,0,6,46],[42,0,6,46],[43,0,6,46],[44,0,6,46],[45,0,6,46],[46,0,6,46],[47,0,6,46],[48,0,6,46],[49,0,6,46],[50,0,6,46],[51,0,6,46],[52,0,6,48],[53,0,6,66],[54,0,6,66],[55,0,6,66],[56,0,6,66],[57,0,6,66],[58,0,6,66],[59,0,6,66],[60,0,6,66],[61,0,6,66],[62,0,6,66],[63,0,6,66],[64,0,6,66],[65,0,6,66],[66,0,6,66],[67,0,6,66],[68,0,6,66],[69,0,6,66],[70,0,6,66],[71,0,6,67],[72,0,6,68],[73,0,6,68]],[[4,0,7,2],[5,0,7,3],[6,0,7,3]],[[4,0,9,2],[5,0,9,11],[6,0,9,11],[7,0,9,11],[8,0,9,11],[9,0,9,11],[10,0,9,11],[11,0,9,11],[12,0,9,11],[13,0,9,11],[14,0,9,11],[15,0,9,11],[16,0,9,11],[17,0,9,11],[18,0,9,11]],[[8,0,10,4],[9,0,10,9],[10,0,10,9],[11,0,10,9],[12,0,10,9],[13,0,10,9],[14,0,10,10],[15,0,10,14],[16,0,10,14],[17,0,10,14],[18,0,10,14],[19,0,10,15],[20,0,10,21],[21,0,10,21],[22,0,10,21],[23,0,10,21],[24,0,10,21],[25,0,10,21],[26,0,10,21],[27,0,10,23],[28,0,10,32],[29,0,10,32],[30,0,10,32],[31,0,10,32],[32,0,10,32],[33,0,10,32],[34,0,10,32],[35,0,10,32],[36,0,10,32],[37,0,10,32],[38,0,10,34],[39,0,10,46],[40,0,10,46],[41,0,10,46],[42,0,10,46],[43,0,10,46],[44,0,10,46],[45,0,10,46],[46,0,10,46],[47,0,10,46],[48,0,10,46],[49,0,10,46],[50,0,10,46],[51,0,10,46],[52,0,10,48],[53,0,10,67],[54,0,10,67],[55,0,10,67],[56,0,10,67],[57,0,10,67],[58,0,10,67],[59,0,10,67],[60,0,10,67],[61,0,10,67],[62,0,10,67],[63,0,10,67],[64,0,10,67],[65,0,10,67],[66,0,10,67],[67,0,10,67],[68,0,10,67],[69,0,10,67],[70,0,10,67],[71,0,10,67],[72,0,10,68],[73,0,10,69],[74,0,10,69]],[[4,0,11,2],[5,0,11,3],[6,0,11,3]],[[0,0,13,2],[1,0,13,2],[2,0,13,2],[3,0,13,2],[4,0,13,2],[5,0,13,2],[6,0,13,2],[7,0,13,2],[8,0,13,2],[9,0,13,2],[10,0,13,2],[11,0,13,2],[12,0,13,2],[13,0,13,2],[14,0,13,2],[15,0,13,2],[16,0,13,2],[17,0,13,2],[18,0,13,2],[19,0,13,2],[20,0,13,2],[21,0,13,2],[22,0,13,2],[23,0,13,21],[24,0,13,22],[25,0,13,53],[26,0,13,53],[27,0,13,53],[28,0,13,53],[29,0,13,53],[30,0,13,53],[31,0,13,53],[32,0,13,53],[33,0,13,53],[34,0,13,53],[35,0,13,53],[36,0,13,53],[37,0,13,53],[38,0,13,53],[39,0,13,53]],[[8,0,14,4],[9,0,14,61],[10,0,14,61],[11,0,14,61],[12,0,14,61],[13,0,14,61],[14,0,14,61],[15,0,14,61],[16,0,14,61],[17,0,14,61],[18,0,14,61],[19,0,14,61],[20,0,14,61],[21,0,14,61],[22,0,14,61],[23,0,14,61],[24,0,14,61],[25,0,14,61],[26,0,14,61],[27,0,14,61],[28,0,14,61],[29,0,14,61],[30,0,14,61],[31,0,14,61],[32,0,14,61],[33,0,14,61],[34,0,14,61],[35,0,14,61],[36,0,14,61],[37,0,14,61],[38,0,14,61],[39,0,14,61],[40,0,14,61],[41,0,14,61],[42,0,14,61],[43,0,14,61],[44,0,14,61],[45,0,14,61],[46,0,14,61],[47,0,14,61],[48,0,14,61],[49,0,14,61],[50,0,14,61],[51,0,14,61],[52,0,14,61],[53,0,14,61],[54,0,14,61],[55,0,14,61],[56,0,14,61],[57,0,14,61],[58,0,14,61],[59,0,14,61],[60,0,14,61],[61,0,14,61],[62,0,14,61],[63,0,14,61],[64,0,14,61],[65,0,14,61],[66,0,14,61]],[[8,0,15,4],[9,0,15,9],[10,0,15,9],[11,0,15,9],[12,0,15,9],[13,0,15,9],[14,0,15,10],[15,0,15,14],[16,0,15,14],[17,0,15,14],[18,0,15,14],[19,0,15,15],[20,0,15,21],[21,0,15,21],[22,0,15,21],[23,0,15,21],[24,0,15,21],[25,0,15,21],[26,0,15,21],[27,0,15,23],[28,0,15,32],[29,0,15,32],[30,0,15,32],[31,0,15,32],[32,0,15,32],[33,0,15,32],[34,0,15,32],[35,0,15,32],[36,0,15,32],[37,0,15,32],[38,0,15,34],[39,0,15,46],[40,0,15,46],[41,0,15,46],[42,0,15,46],[43,0,15,46],[44,0,15,46],[45,0,15,46],[46,0,15,46],[47,0,15,46],[48,0,15,46],[49,0,15,46],[50,0,15,46],[51,0,15,46],[52,0,15,48],[53,0,15,77],[54,0,15,77],[55,0,15,77],[56,0,15,77],[57,0,15,77],[58,0,15,77],[59,0,15,77],[60,0,15,77],[61,0,15,77],[62,0,15,77],[63,0,15,77],[64,0,15,77],[65,0,15,77],[66,0,15,77],[67,0,15,77],[68,0,15,77],[69,0,15,77],[70,0,15,77],[71,0,15,77],[72,0,15,77],[73,0,15,77],[74,0,15,77],[75,0,15,77],[76,0,15,77],[77,0,15,77],[78,0,15,77],[79,0,15,77],[80,0,15,77],[81,0,15,77],[82,0,15,78],[83,0,15,79],[84,0,15,79]],[[8,0,17,4],[9,0,17,15],[10,0,17,15],[11,0,17,15],[12,0,17,15],[13,0,17,15],[14,0,17,15],[15,0,17,15],[16,0,17,15],[17,0,17,15],[18,0,17,15],[19,0,17,15],[20,0,17,16],[21,0,17,27],[22,0,17,27],[23,0,17,27],[24,0,17,27],[25,0,17,27],[26,0,17,27],[27,0,17,27],[28,0,17,27],[29,0,17,27],[30,0,17,27],[31,0,17,27],[32,0,17,28],[33,0,17,47],[34,0,17,47],[35,0,17,47],[36,0,17,47],[37,0,17,47],[38,0,17,47],[39,0,17,47],[40,0,17,47],[41,0,17,47],[42,0,17,47],[43,0,17,47],[44,0,17,47],[45,0,17,47],[46,0,17,47],[47,0,17,47],[48,0,17,47],[49,0,17,47],[50,0,17,47],[51,0,17,47],[52,0,17,47],[53,0,17,49],[54,0,17,50],[55,0,17,53],[56,0,17,53],[57,0,17,53],[58,0,17,53],[59,0,17,55],[60,0,17,59],[61,0,17,59],[62,0,17,59],[63,0,17,59],[64,0,17,59],[65,0,17,61],[66,0,17,63],[67,0,17,63],[68,0,17,63],[69,0,17,63],[70,0,17,63]],[],[[12,0,18,6],[13,0,18,10],[14,0,18,10],[15,0,18,10],[16,0,18,10],[17,0,18,10],[18,0,18,10],[19,0,18,13],[20,0,18,14],[21,0,18,14],[22,0,18,14],[23,0,18,14],[24,0,18,18],[25,0,18,20],[26,0,18,20],[27,0,18,20],[28,0,18,20]],[[0,0,19,8],[1,0,19,8],[2,0,19,8],[3,0,19,8],[4,0,19,8],[5,0,19,8],[6,0,19,8],[7,0,19,8],[8,0,19,8],[9,0,19,8],[10,0,19,8],[11,0,19,8],[12,0,19,8],[13,0,19,8],[14,0,19,8],[15,0,19,8],[16,0,19,8],[17,0,19,8],[18,0,19,8],[19,0,19,8],[20,0,19,8],[21,0,19,13],[22,0,19,14],[23,0,19,19],[24,0,19,19],[25,0,19,19],[26,0,19,19],[27,0,19,19],[28,0,19,20],[34,0,19,26],[35,0,19,28],[36,0,19,28],[37,0,19,28],[38,0,19,28],[39,0,19,28],[40,0,19,28],[41,0,19,28],[42,0,19,28],[43,0,19,28],[44,0,19,28],[45,0,19,37],[47,0,19,39],[48,0,19,86],[49,0,19,86],[50,0,19,86],[51,0,19,86],[52,0,19,86],[53,0,19,86],[54,0,19,86],[55,0,19,86],[56,0,19,86],[57,0,19,86],[58,0,19,86],[59,0,19,86],[60,0,19,86],[61,0,19,86],[62,0,19,86],[63,0,19,86],[64,0,19,86],[65,0,19,86],[66,0,19,86],[67,0,19,86],[68,0,19,86],[69,0,19,86],[70,0,19,86],[71,0,19,86],[72,0,19,86],[73,0,19,86],[74,0,19,86],[75,0,19,86],[76,0,19,86],[77,0,19,86],[78,0,19,86],[79,0,19,86],[80,0,19,86],[81,0,19,86],[82,0,19,86],[83,0,19,86],[84,0,19,86],[85,0,19,86],[86,0,19,86],[87,0,19,86],[88,0,19,86],[89,0,19,86],[90,0,19,86],[91,0,19,86],[92,0,19,86],[93,0,19,86],[94,0,19,86],[95,0,19,86],[96,0,19,88],[102,0,19,88],[103,0,19,92],[104,0,19,92],[105,0,19,92],[106,0,19,92],[107,0,19,93],[116,0,19,102],[117,0,19,103],[118,0,19,103],[119,0,19,103],[120,0,19,106],[121,0,19,107],[122,0,19,111],[123,0,19,111],[124,0,19,111],[125,0,19,111],[126,0,19,111],[127,0,19,111],[128,0,19,111],[129,0,19,111],[130,0,19,111],[131,0,19,111],[132,0,19,111],[133,0,19,111],[134,0,19,111],[135,0,19,111],[136,0,19,111],[137,0,19,111],[138,0,19,111],[139,0,19,111],[140,0,19,111],[141,0,19,111],[142,0,19,111],[143,0,19,111],[144,0,19,111],[145,0,19,111],[146,0,19,111],[147,0,19,111],[148,0,19,111],[149,0,19,111],[150,0,19,111],[151,0,19,111],[152,0,19,111],[153,0,19,111],[154,0,19,111],[155,0,19,111],[156,0,19,111],[157,0,19,111],[158,0,19,113],[159,0,19,114],[160,0,19,115],[161,0,19,115]],[[16,0,20,8],[17,0,20,15],[18,0,20,15],[19,0,20,15],[20,0,20,15],[21,0,20,15],[22,0,20,15],[23,0,20,15],[24,0,20,15]],[[0,0,21,7],[1,0,21,7],[2,0,21,7],[3,0,21,7],[4,0,21,7],[5,0,21,7],[6,0,21,7],[7,0,21,7],[8,0,21,7],[9,0,21,7],[10,0,21,7],[11,0,21,7],[12,0,21,7],[13,0,21,7],[14,0,21,7]],[[0,0,22,6],[1,0,22,6],[2,0,22,6],[3,0,22,6],[4,0,22,6],[5,0,22,6],[6,0,22,6],[7,0,22,6],[8,0,22,6],[9,0,22,6],[10,0,22,6],[11,0,22,6],[12,0,22,6],[13,0,22,6],[14,0,22,6],[15,0,22,6],[16,0,22,6],[17,0,22,11],[18,0,22,12],[19,0,22,16],[20,0,22,16],[21,0,22,16],[22,0,22,16],[23,0,22,17],[29,0,22,23],[30,0,22,25],[31,0,22,25],[32,0,22,25],[33,0,22,25],[34,0,22,25],[35,0,22,25],[36,0,22,25],[37,0,22,25],[38,0,22,25],[39,0,22,25],[40,0,22,34],[42,0,22,36],[43,0,22,88],[44,0,22,88],[45,0,22,88],[46,0,22,88],[47,0,22,88],[48,0,22,88],[49,0,22,88],[50,0,22,88],[51,0,22,88],[52,0,22,88],[53,0,22,88],[54,0,22,88],[55,0,22,88],[56,0,22,88],[57,0,22,88],[58,0,22,88],[59,0,22,88],[60,0,22,88],[61,0,22,88],[62,0,22,88],[63,0,22,88],[64,0,22,88],[65,0,22,88],[66,0,22,88],[67,0,22,88],[68,0,22,88],[69,0,22,88],[70,0,22,88],[71,0,22,88],[72,0,22,88],[73,0,22,88],[74,0,22,88],[75,0,22,88],[76,0,22,88],[77,0,22,88],[78,0,22,88],[79,0,22,88],[80,0,22,88],[81,0,22,88],[82,0,22,88],[83,0,22,88],[84,0,22,88],[85,0,22,88],[86,0,22,88],[87,0,22,88],[88,0,22,88],[89,0,22,88],[90,0,22,88],[91,0,22,88],[92,0,22,88],[93,0,22,88],[94,0,22,88],[95,0,22,88],[96,0,22,90],[102,0,22,90],[103,0,22,94],[104,0,22,94],[105,0,22,94],[106,0,22,94],[107,0,22,95],[116,0,22,104],[117,0,22,105],[118,0,22,105],[119,0,22,105],[120,0,22,105],[121,0,22,109],[122,0,22,110],[123,0,22,114],[124,0,22,114],[125,0,22,114],[126,0,22,114],[127,0,22,114],[128,0,22,114],[129,0,22,114],[130,0,22,114],[131,0,22,114],[132,0,22,114],[133,0,22,114],[134,0,22,114],[135,0,22,114],[136,0,22,114],[137,0,22,114],[138,0,22,114],[139,0,22,114],[140,0,22,114],[141,0,22,114],[142,0,22,114],[143,0,22,114],[144,0,22,114],[145,0,22,114],[146,0,22,114],[147,0,22,114],[148,0,22,114],[149,0,22,114],[150,0,22,114],[151,0,22,114],[152,0,22,114],[153,0,22,114],[154,0,22,114],[155,0,22,114],[156,0,22,114],[157,0,22,114],[158,0,22,114],[159,0,22,116],[160,0,22,117],[161,0,22,118],[162,0,22,118]],[[0,0,23,4],[1,0,23,4],[2,0,23,4],[3,0,23,4],[4,0,23,4],[5,0,23,4],[6,0,23,4],[7,0,23,4],[8,0,23,4],[9,0,23,5],[10,0,23,6],[11,0,23,7],[12,0,23,7]],[[4,0,24,2],[5,0,24,3],[6,0,24,3]],[[4,0,26,2],[5,0,26,22],[6,0,26,22],[7,0,26,22],[8,0,26,22],[9,0,26,22],[10,0,26,22],[11,0,26,22],[12,0,26,22],[13,0,26,22],[14,0,26,22],[15,0,26,22],[16,0,26,22],[17,0,26,22],[18,0,26,22],[19,0,26,22],[20,0,26,22],[21,0,26,22],[22,0,26,22],[23,0,26,22],[24,0,26,22],[25,0,26,22],[26,0,26,22],[27,0,26,22],[28,0,26,22],[29,0,26,22]],[[8,0,27,4],[9,0,27,61],[10,0,27,61],[11,0,27,61],[12,0,27,61],[13,0,27,61],[14,0,27,61],[15,0,27,61],[16,0,27,61],[17,0,27,61],[18,0,27,61],[19,0,27,61],[20,0,27,61],[21,0,27,61],[22,0,27,61],[23,0,27,61],[24,0,27,61],[25,0,27,61],[26,0,27,61],[27,0,27,61],[28,0,27,61],[29,0,27,61],[30,0,27,61],[31,0,27,61],[32,0,27,61],[33,0,27,61],[34,0,27,61],[35,0,27,61],[36,0,27,61],[37,0,27,61],[38,0,27,61],[39,0,27,61],[40,0,27,61],[41,0,27,61],[42,0,27,61],[43,0,27,61],[44,0,27,61],[45,0,27,61],[46,0,27,61],[47,0,27,61],[48,0,27,61],[49,0,27,61],[50,0,27,61],[51,0,27,61],[52,0,27,61],[53,0,27,61],[54,0,27,61],[55,0,27,61],[56,0,27,61],[57,0,27,61],[58,0,27,61],[59,0,27,61],[60,0,27,61],[61,0,27,61],[62,0,27,61],[63,0,27,61],[64,0,27,61],[65,0,27,61],[66,0,27,61]],[[8,0,28,4],[9,0,28,9],[10,0,28,9],[11,0,28,9],[12,0,28,9],[13,0,28,9],[14,0,28,10],[15,0,28,14],[16,0,28,14],[17,0,28,14],[18,0,28,14],[19,0,28,15],[20,0,28,21],[21,0,28,21],[22,0,28,21],[23,0,28,21],[24,0,28,21],[25,0,28,21],[26,0,28,21],[27,0,28,23],[28,0,28,32],[29,0,28,32],[30,0,28,32],[31,0,28,32],[32,0,28,32],[33,0,28,32],[34,0,28,32],[35,0,28,32],[36,0,28,32],[37,0,28,32],[38,0,28,34],[39,0,28,46],[40,0,28,46],[41,0,28,46],[42,0,28,46],[43,0,28,46],[44,0,28,46],[45,0,28,46],[46,0,28,46],[47,0,28,46],[48,0,28,46],[49,0,28,46],[50,0,28,46],[51,0,28,46],[52,0,28,48],[53,0,28,78],[54,0,28,78],[55,0,28,78],[56,0,28,78],[57,0,28,78],[58,0,28,78],[59,0,28,78],[60,0,28,78],[61,0,28,78],[62,0,28,78],[63,0,28,78],[64,0,28,78],[65,0,28,78],[66,0,28,78],[67,0,28,78],[68,0,28,78],[69,0,28,78],[70,0,28,78],[71,0,28,78],[72,0,28,78],[73,0,28,78],[74,0,28,78],[75,0,28,78],[76,0,28,78],[77,0,28,78],[78,0,28,78],[79,0,28,78],[80,0,28,78],[81,0,28,78],[82,0,28,78],[83,0,28,79],[84,0,28,80],[85,0,28,80]],[[4,0,29,2],[5,0,29,3],[6,0,29,3]],[[4,0,31,2],[5,0,31,14],[6,0,31,14],[7,0,31,14],[8,0,31,14],[9,0,31,14],[10,0,31,14],[11,0,31,14],[12,0,31,14],[13,0,31,14],[14,0,31,14],[15,0,31,14],[16,0,31,14],[17,0,31,14],[18,0,31,14],[19,0,31,14],[20,0,31,14],[21,0,31,14]],[[8,0,32,4],[9,0,32,40],[10,0,32,40],[11,0,32,40],[12,0,32,40],[13,0,32,40],[14,0,32,40],[15,0,32,40],[16,0,32,40],[17,0,32,40],[18,0,32,40],[19,0,32,40],[20,0,32,40],[21,0,32,40],[22,0,32,40],[23,0,32,40],[24,0,32,40],[25,0,32,40],[26,0,32,40],[27,0,32,40],[28,0,32,40],[29,0,32,40],[30,0,32,40],[31,0,32,40],[32,0,32,40],[33,0,32,40],[34,0,32,40],[35,0,32,40],[36,0,32,40],[37,0,32,40],[38,0,32,40],[39,0,32,40],[40,0,32,40],[41,0,32,40],[42,0,32,40],[43,0,32,40],[44,0,32,40],[45,0,32,40]],[[8,0,33,4],[9,0,33,9],[10,0,33,9],[11,0,33,9],[12,0,33,9],[13,0,33,9],[14,0,33,10],[15,0,33,14],[16,0,33,14],[17,0,33,14],[18,0,33,14],[19,0,33,15],[20,0,33,21],[21,0,33,21],[22,0,33,21],[23,0,33,21],[24,0,33,21],[25,0,33,21],[26,0,33,21],[27,0,33,23],[28,0,33,32],[29,0,33,32],[30,0,33,32],[31,0,33,32],[32,0,33,32],[33,0,33,32],[34,0,33,32],[35,0,33,32],[36,0,33,32],[37,0,33,32],[38,0,33,34],[39,0,33,46],[40,0,33,46],[41,0,33,46],[42,0,33,46],[43,0,33,46],[44,0,33,46],[45,0,33,46],[46,0,33,46],[47,0,33,46],[48,0,33,46],[49,0,33,46],[50,0,33,46],[51,0,33,46],[52,0,33,48],[53,0,33,70],[54,0,33,70],[55,0,33,70],[56,0,33,70],[57,0,33,70],[58,0,33,70],[59,0,33,70],[60,0,33,70],[61,0,33,70],[62,0,33,70],[63,0,33,70],[64,0,33,70],[65,0,33,70],[66,0,33,70],[67,0,33,70],[68,0,33,70],[69,0,33,70],[70,0,33,70],[71,0,33,70],[72,0,33,70],[73,0,33,70],[74,0,33,70],[75,0,33,71],[76,0,33,72],[77,0,33,72]],[[4,0,34,2],[5,0,34,3],[6,0,34,3]],[[4,0,36,2],[5,0,36,14],[6,0,36,14],[7,0,36,14],[8,0,36,14],[9,0,36,14],[10,0,36,14],[11,0,36,14],[12,0,36,14],[13,0,36,14],[14,0,36,14],[15,0,36,14],[16,0,36,14],[17,0,36,14],[18,0,36,14],[19,0,36,14],[20,0,36,14],[21,0,36,14]],[[8,0,37,4],[9,0,37,37],[10,0,37,37],[11,0,37,37],[12,0,37,37],[13,0,37,37],[14,0,37,37],[15,0,37,37],[16,0,37,37],[17,0,37,37],[18,0,37,37],[19,0,37,37],[20,0,37,37],[21,0,37,37],[22,0,37,37],[23,0,37,37],[24,0,37,37],[25,0,37,37],[26,0,37,37],[27,0,37,37],[28,0,37,37],[29,0,37,37],[30,0,37,37],[31,0,37,37],[32,0,37,37],[33,0,37,37],[34,0,37,37],[35,0,37,37],[36,0,37,37],[37,0,37,37],[38,0,37,37],[39,0,37,37],[40,0,37,37],[41,0,37,37],[42,0,37,37]],[[8,0,38,4],[9,0,38,9],[10,0,38,9],[11,0,38,9],[12,0,38,9],[13,0,38,9],[14,0,38,10],[15,0,38,14],[16,0,38,14],[17,0,38,14],[18,0,38,14],[19,0,38,15],[20,0,38,21],[21,0,38,21],[22,0,38,21],[23,0,38,21],[24,0,38,21],[25,0,38,21],[26,0,38,21],[27,0,38,23],[28,0,38,32],[29,0,38,32],[30,0,38,32],[31,0,38,32],[32,0,38,32],[33,0,38,32],[34,0,38,32],[35,0,38,32],[36,0,38,32],[37,0,38,32],[38,0,38,34],[39,0,38,46],[40,0,38,46],[41,0,38,46],[42,0,38,46],[43,0,38,46],[44,0,38,46],[45,0,38,46],[46,0,38,46],[47,0,38,46],[48,0,38,46],[49,0,38,46],[50,0,38,46],[51,0,38,46],[52,0,38,48],[53,0,38,70],[54,0,38,70],[55,0,38,70],[56,0,38,70],[57,0,38,70],[58,0,38,70],[59,0,38,70],[60,0,38,70],[61,0,38,70],[62,0,38,70],[63,0,38,70],[64,0,38,70],[65,0,38,70],[66,0,38,70],[67,0,38,70],[68,0,38,70],[69,0,38,70],[70,0,38,70],[71,0,38,70],[72,0,38,70],[73,0,38,70],[74,0,38,70],[75,0,38,71],[76,0,38,72],[77,0,38,72]],[[4,0,39,2],[5,0,39,3],[6,0,39,3]],[[0,0,40,1],[1,0,40,1],[2,0,40,1]],[]],"names":[],"sources":["D:\\LHarmonyProject\\BaiZhanKeep\\entry\\src\\main\\ets\\entryability\\EntryAbility.ets"],"sourcesContent":["import UIAbility from '@ohos.app.ability.UIAbility';\r\nimport hilog from '@ohos.hilog';\r\nimport window from '@ohos.window';\r\n\r\nexport default class EntryAbility extends UIAbility {\r\n  onCreate(want, launchParam) {\r\n    hilog.info(0x0000, 'testTag', '%{public}s', 'Ability onCreate');\r\n  }\r\n\r\n  onDestroy() {\r\n    hilog.info(0x0000, 'testTag', '%{public}s', 'Ability onDestroy');\r\n  }\r\n\r\n  onWindowStageCreate(windowStage: window.WindowStage) {\r\n    // Main window is created, set main page for this ability\r\n    hilog.info(0x0000, 'testTag', '%{public}s', 'Ability onWindowStageCreate');\r\n\r\n    windowStage.loadContent('pages/SplashIndex', (err, data) => {\r\n      if (err.code) {\r\n        hilog.error(0x0000, 'testTag', 'Failed to load the content. Cause: %{public}s', JSON.stringify(err) ?? '');\r\n        return;\r\n      }\r\n      hilog.info(0x0000, 'testTag', 'Succeeded in loading the content. Data: %{public}s', JSON.stringify(data) ?? '');\r\n    });\r\n  }\r\n\r\n  onWindowStageDestroy() {\r\n    // Main window is destroyed, release UI related resources\r\n    hilog.info(0x0000, 'testTag', '%{public}s', 'Ability onWindowStageDestroy');\r\n  }\r\n\r\n  onForeground() {\r\n    // Ability has brought to foreground\r\n    hilog.info(0x0000, 'testTag', '%{public}s', 'Ability onForeground');\r\n  }\r\n\r\n  onBackground() {\r\n    // Ability has back to background\r\n    hilog.info(0x0000, 'testTag', '%{public}s', 'Ability onBackground');\r\n  }\r\n}\r\n"]},"resolvedIds":{"@ohos.hilog":{"assertions":{},"external":false,"id":"\u0000rollup_plugin_ignore_empty_module_placeholder","meta":{},"moduleSideEffects":true,"resolvedBy":"ignorePlugin","syntheticNamedExports":false},"@ohos.app.ability.UIAbility":{"assertions":{},"external":false,"id":"\u0000rollup_plugin_ignore_empty_module_placeholder","meta":{},"moduleSideEffects":true,"resolvedBy":"ignorePlugin","syntheticNamedExports":false}},"sourcemapChain":[],"syntheticNamedExports":false,"transformDependencies":[],"cacheAst":{"dynamicImportCache":[],"exportAllDeclarationCache":[],"exportNamedDeclarationCache":[],"importCache":[{"type":"ImportDeclaration","start":0,"end":52,"specifiers":[{"type":"ImportDefaultSpecifier","start":7,"end":16,"local":{"type":"Identifier","start":7,"end":16,"name":"UIAbility"}}],"source":{"type":"Literal","start":22,"end":51,"value":"@ohos.app.ability.UIAbility","raw":"'@ohos.app.ability.UIAbility'"}},{"type":"ImportDeclaration","start":54,"end":86,"specifiers":[{"type":"ImportDefaultSpecifier","start":61,"end":66,"local":{"type":"Identifier","start":61,"end":66,"name":"hilog"}}],"source":{"type":"Literal","start":72,"end":85,"value":"@ohos.hilog","raw":"'@ohos.hilog'"}}]}},{"assertions":{},"code":"export default class MineContent extends ViewPU {\r\n    constructor(parent, params, __localStorage, elmtId = -1) {\r\n        super(parent, __localStorage, elmtId);\r\n        this.setInitiallyProvidedValue(params);\r\n    }\r\n    setInitiallyProvidedValue(params) {\r\n    }\r\n    updateStateVars(params) {\r\n    }\r\n    purgeVariableDependenciesOnElmtId(rmElmtId) {\r\n    }\r\n    aboutToBeDeleted() {\r\n        SubscriberManager.Get().delete(this.id__());\r\n        this.aboutToBeDeletedInternal();\r\n    }\r\n    item(msg, parent = null) {\r\n        this.observeComponentCreation((elmtId, isInitialRender) => {\r\n            ViewStackProcessor.StartGetAccessRecordingFor(elmtId);\r\n            Row.create();\r\n            Row.debugLine(\"view/mine/MineContent.ets(6:5)\");\r\n            Row.width('100%');\r\n            Row.justifyContent(FlexAlign.SpaceBetween);\r\n            Row.margin({ top: 15, bottom: 15 });\r\n            if (!isInitialRender) {\r\n                Row.pop();\r\n            }\r\n            ViewStackProcessor.StopGetAccessRecording();\r\n        });\r\n        this.observeComponentCreation((elmtId, isInitialRender) => {\r\n            ViewStackProcessor.StartGetAccessRecordingFor(elmtId);\r\n            Text.create(msg);\r\n            Text.debugLine(\"view/mine/MineContent.ets(7:7)\");\r\n            Text.fontSize(20);\r\n            Text.fontWeight(500);\r\n            if (!isInitialRender) {\r\n                Text.pop();\r\n            }\r\n            ViewStackProcessor.StopGetAccessRecording();\r\n        });\r\n        Text.pop();\r\n        this.observeComponentCreation((elmtId, isInitialRender) => {\r\n            ViewStackProcessor.StartGetAccessRecordingFor(elmtId);\r\n            Image.create({ \"id\": 16777255, \"type\": 20000, params: [], \"bundleName\": \"com.example.baizhankeep\", \"moduleName\": \"entry\" });\r\n            Image.debugLine(\"view/mine/MineContent.ets(10:7)\");\r\n            Image.objectFit(ImageFit.Contain);\r\n            Image.height(12);\r\n            Image.width(7);\r\n            if (!isInitialRender) {\r\n                Image.pop();\r\n            }\r\n            ViewStackProcessor.StopGetAccessRecording();\r\n        });\r\n        Row.pop();\r\n    }\r\n    initialRender() {\r\n        this.observeComponentCreation((elmtId, isInitialRender) => {\r\n            ViewStackProcessor.StartGetAccessRecordingFor(elmtId);\r\n            Column.create();\r\n            Column.debugLine(\"view/mine/MineContent.ets(20:5)\");\r\n            Column.width('100%');\r\n            Column.height('100%');\r\n            if (!isInitialRender) {\r\n                Column.pop();\r\n            }\r\n            ViewStackProcessor.StopGetAccessRecording();\r\n        });\r\n        this.observeComponentCreation((elmtId, isInitialRender) => {\r\n            ViewStackProcessor.StartGetAccessRecordingFor(elmtId);\r\n            Row.create();\r\n            Row.debugLine(\"view/mine/MineContent.ets(21:7)\");\r\n            Row.width('100%');\r\n            Row.height('25%');\r\n            Row.backgroundColor({ \"id\": 16777258, \"type\": 10001, params: [], \"bundleName\": \"com.example.baizhankeep\", \"moduleName\": \"entry\" });\r\n            if (!isInitialRender) {\r\n                Row.pop();\r\n            }\r\n            ViewStackProcessor.StopGetAccessRecording();\r\n        });\r\n        this.observeComponentCreation((elmtId, isInitialRender) => {\r\n            ViewStackProcessor.StartGetAccessRecordingFor(elmtId);\r\n            Column.create();\r\n            Column.debugLine(\"view/mine/MineContent.ets(22:9)\");\r\n            Column.width('100%');\r\n            if (!isInitialRender) {\r\n                Column.pop();\r\n            }\r\n            ViewStackProcessor.StopGetAccessRecording();\r\n        });\r\n        this.observeComponentCreation((elmtId, isInitialRender) => {\r\n            ViewStackProcessor.StartGetAccessRecordingFor(elmtId);\r\n            Image.create({ \"id\": 16777271, \"type\": 20000, params: [], \"bundleName\": \"com.example.baizhankeep\", \"moduleName\": \"entry\" });\r\n            Image.debugLine(\"view/mine/MineContent.ets(23:11)\");\r\n            Image.height(66);\r\n            Image.width(66);\r\n            Image.objectFit(ImageFit.Contain);\r\n            Image.margin({ top: 71 });\r\n            if (!isInitialRender) {\r\n                Image.pop();\r\n            }\r\n            ViewStackProcessor.StopGetAccessRecording();\r\n        });\r\n        this.observeComponentCreation((elmtId, isInitialRender) => {\r\n            ViewStackProcessor.StartGetAccessRecordingFor(elmtId);\r\n            Text.create('小王');\r\n            Text.debugLine(\"view/mine/MineContent.ets(28:11)\");\r\n            Text.fontSize(20);\r\n            Text.margin({ bottom: 6 });\r\n            if (!isInitialRender) {\r\n                Text.pop();\r\n            }\r\n            ViewStackProcessor.StopGetAccessRecording();\r\n        });\r\n        Text.pop();\r\n        Column.pop();\r\n        Row.pop();\r\n        this.observeComponentCreation((elmtId, isInitialRender) => {\r\n            ViewStackProcessor.StartGetAccessRecordingFor(elmtId);\r\n            Column.create();\r\n            Column.debugLine(\"view/mine/MineContent.ets(37:7)\");\r\n            Column.width('90%');\r\n            if (!isInitialRender) {\r\n                Column.pop();\r\n            }\r\n            ViewStackProcessor.StopGetAccessRecording();\r\n        });\r\n        this.item.bind(this)('个人资料');\r\n        this.observeComponentCreation((elmtId, isInitialRender) => {\r\n            ViewStackProcessor.StartGetAccessRecordingFor(elmtId);\r\n            Divider.create();\r\n            Divider.debugLine(\"view/mine/MineContent.ets(39:9)\");\r\n            if (!isInitialRender) {\r\n                Divider.pop();\r\n            }\r\n            ViewStackProcessor.StopGetAccessRecording();\r\n        });\r\n        this.item.bind(this)('检测更新');\r\n        this.observeComponentCreation((elmtId, isInitialRender) => {\r\n            ViewStackProcessor.StartGetAccessRecordingFor(elmtId);\r\n            Divider.create();\r\n            Divider.debugLine(\"view/mine/MineContent.ets(41:9)\");\r\n            if (!isInitialRender) {\r\n                Divider.pop();\r\n            }\r\n            ViewStackProcessor.StopGetAccessRecording();\r\n        });\r\n        this.item.bind(this)('关于');\r\n        this.observeComponentCreation((elmtId, isInitialRender) => {\r\n            ViewStackProcessor.StartGetAccessRecordingFor(elmtId);\r\n            Divider.create();\r\n            Divider.debugLine(\"view/mine/MineContent.ets(43:9)\");\r\n            if (!isInitialRender) {\r\n                Divider.pop();\r\n            }\r\n            ViewStackProcessor.StopGetAccessRecording();\r\n        });\r\n        Column.pop();\r\n        Column.pop();\r\n    }\r\n    rerender() {\r\n        this.updateDirtyElements();\r\n    }\r\n}\r\nif (getPreviewComponentFlag()) {\r\n    previewComponent();\r\n}\r\nelse {\r\n    storePreviewComponents(1, \"MineContent\", new MineContent(undefined, {}));\r\n}\r\n//# sourceMappingURL=MineContent.js.map","customTransformCache":false,"dependencies":[],"id":"D:\\LHarmonyProject\\BaiZhanKeep\\entry\\src\\main\\ets\\view\\mine\\MineContent.ets","meta":{"hostModulesInfo":[],"moduleName":"entry","isLocalDependency":true,"isNodeEntryFile":false,"pkgPath":"D:\\LHarmonyProject\\BaiZhanKeep\\entry"},"moduleSideEffects":true,"originalCode":"@Preview\r\n@Component\r\nexport default struct MineContent {\r\n  @Builder\r\n  item(msg: string) {\r\n    Row() {\r\n      Text(msg)\r\n        .fontSize(20)\r\n        .fontWeight(500)\r\n      Image($r('app.media.ic_right_grey'))\r\n        .objectFit(ImageFit.Contain)\r\n        .height(12)\r\n        .width(7)\r\n    }\r\n    .width('100%')\r\n    .justifyContent(FlexAlign.SpaceBetween)\r\n    .margin({top: 15, bottom: 15})\r\n  }\r\n  build() {\r\n    Column() {\r\n      Row() {\r\n        Column() {\r\n          Image($r('app.media.icon_user'))\r\n            .height(66)\r\n            .width(66)\r\n            .objectFit(ImageFit.Contain)\r\n            .margin({top: 71})\r\n          Text('小王')\r\n            .fontSize(20)\r\n            .margin({bottom: 6})\r\n        }\r\n        .width('100%')\r\n      }\r\n      .width('100%')\r\n      .height('25%')\r\n      .backgroundColor($r('app.color.light_gray'))\r\n      Column() {\r\n        this.item('个人资料')\r\n        Divider()\r\n        this.item('检测更新')\r\n        Divider()\r\n        this.item('关于')\r\n        Divider()\r\n      }\r\n      .width('90%')\r\n    }\r\n    .width('100%')\r\n    .height('100%')\r\n  }\r\n}","originalSourcemap":{"version":3,"mappings":[[[0,0,2,0],[1,0,2,6],[2,0,2,6],[3,0,2,6],[4,0,2,6],[5,0,2,6],[6,0,2,6],[7,0,2,7],[8,0,2,14],[9,0,2,14],[10,0,2,14],[11,0,2,14],[12,0,2,14],[13,0,2,14],[14,0,2,14],[15,0,2,14],[16,0,2,14],[17,0,2,14],[18,0,2,14],[19,0,2,14],[20,0,2,14],[21,0,2,22],[22,0,2,33],[23,0,2,33],[24,0,2,33],[25,0,2,33],[26,0,2,33],[27,0,2,33],[28,0,2,33],[29,0,2,33],[30,0,2,33],[31,0,2,33],[32,0,2,33],[33,0,2,33],[34,0,2,33],[35,0,2,33],[36,0,2,33],[37,0,2,33],[38,0,2,33],[39,0,2,33],[40,0,2,33],[41,0,2,33],[42,0,2,33],[43,0,2,33],[44,0,2,33],[45,0,2,33],[46,0,2,33],[47,0,2,33],[48,0,2,33],[49,0,2,33],[50,0,2,33]],[[0,0,0,0],[1,0,0,0],[2,0,0,0],[3,0,0,0],[4,0,0,0],[5,0,0,0],[6,0,0,0],[7,0,0,0],[8,0,0,0],[9,0,0,0],[10,0,0,0],[11,0,0,0],[12,0,0,0],[13,0,0,0],[14,0,0,0],[15,0,0,0],[16,0,0,0],[17,0,0,0],[18,0,0,0],[19,0,0,0],[20,0,0,0],[21,0,0,0],[22,0,0,0],[23,0,0,0],[24,0,0,0],[25,0,0,0],[26,0,0,0],[27,0,0,0],[28,0,0,0],[29,0,0,0],[30,0,0,0],[31,0,0,0],[32,0,0,0],[33,0,0,0],[34,0,0,0],[35,0,0,0],[36,0,0,0],[37,0,0,0],[38,0,0,0],[39,0,0,0],[40,0,0,0],[41,0,0,0],[42,0,0,0],[43,0,0,0],[44,0,0,0],[45,0,0,0],[46,0,0,0],[47,0,0,0],[48,0,0,0],[49,0,0,0],[50,0,0,0],[51,0,0,0],[52,0,0,0],[53,0,0,0],[54,0,0,0],[55,0,0,0],[56,0,0,0],[57,0,0,0],[58,0,0,0],[59,0,0,0],[60,0,0,0],[61,0,0,0],[62,0,0,0],[63,0,0,0]],[],[],[[0,0,0,0],[1,0,0,0],[2,0,0,0],[3,0,0,0],[4,0,0,0],[5,0,0,0],[6,0,0,0]],[],[],[],[],[],[],[],[],[],[],[[0,0,4,2],[1,0,4,2],[2,0,4,2],[3,0,4,2],[4,0,4,2],[5,0,4,2],[6,0,4,2],[7,0,4,2],[8,0,4,6],[9,0,4,7],[10,0,4,18],[11,0,4,18],[12,0,4,18],[13,0,4,18],[14,0,4,18],[15,0,4,18],[16,0,4,18],[17,0,4,18],[18,0,4,18],[19,0,4,18],[20,0,4,18],[21,0,4,18],[22,0,4,18],[23,0,4,18],[24,0,4,18],[25,0,4,18],[26,0,4,18],[27,0,4,18],[28,0,4,18],[29,0,4,18],[30,0,4,18],[31,0,4,18]],[],[],[[12,0,5,4],[13,0,5,7],[14,0,5,7],[15,0,5,7],[16,0,5,7],[17,0,5,7],[18,0,5,7],[19,0,5,7],[20,0,5,7],[21,0,5,7],[22,0,5,7],[23,0,5,7],[24,0,5,7],[25,0,5,7],[26,0,5,7]],[],[[12,0,5,4],[13,0,5,7],[14,0,5,7],[15,0,5,7],[16,0,14,5],[17,0,14,10],[18,0,14,10],[19,0,14,10],[20,0,14,10],[21,0,14,10],[22,0,14,11],[23,0,14,17],[24,0,14,17],[25,0,14,17],[26,0,14,17],[27,0,14,17],[28,0,14,17],[29,0,14,17],[30,0,14,17],[31,0,14,17]],[[0,0,5,4],[1,0,5,4],[2,0,5,4],[3,0,5,4],[4,0,5,4],[5,0,5,4],[6,0,5,4],[7,0,5,4],[8,0,5,4],[9,0,5,4],[10,0,5,4],[11,0,5,4],[12,0,5,4],[13,0,5,4],[14,0,5,4],[15,0,5,7],[16,0,15,5],[17,0,15,5],[18,0,15,5],[19,0,15,5],[20,0,15,5],[21,0,15,5],[22,0,15,5],[23,0,15,5],[24,0,15,5],[25,0,15,5],[26,0,15,5],[27,0,15,5],[28,0,15,5],[29,0,15,5],[30,0,15,19],[31,0,15,20],[32,0,15,20],[33,0,15,20],[34,0,15,20],[35,0,15,20],[36,0,15,20],[37,0,15,20],[38,0,15,20],[39,0,15,20],[40,0,15,29],[41,0,15,30],[42,0,15,42],[43,0,15,42],[44,0,15,42],[45,0,15,42],[46,0,15,42],[47,0,15,42],[48,0,15,42],[49,0,15,42],[50,0,15,42],[51,0,15,42],[52,0,15,42],[53,0,15,42],[54,0,15,42],[55,0,15,42],[56,0,15,42]],[[12,0,5,4],[13,0,5,7],[14,0,5,7],[15,0,5,7],[16,0,16,5],[17,0,16,11],[18,0,16,11],[19,0,16,11],[20,0,16,11],[21,0,16,11],[22,0,16,11],[23,0,16,12],[24,0,16,13],[25,0,16,13],[26,0,16,13],[27,0,16,13],[28,0,16,16],[29,0,16,18],[30,0,16,18],[31,0,16,18],[32,0,16,20],[33,0,16,22],[34,0,16,22],[35,0,16,22],[36,0,16,22],[37,0,16,22],[38,0,16,22],[39,0,16,22],[40,0,16,28],[41,0,16,30],[42,0,16,30],[43,0,16,30],[44,0,16,32],[45,0,16,33],[46,0,16,33],[47,0,16,33],[48,0,16,33],[49,0,16,33]],[],[[16,0,5,4],[17,0,5,7],[18,0,5,7],[19,0,5,7],[20,0,5,7],[21,0,5,7],[22,0,5,7],[23,0,5,7],[24,0,5,7],[25,0,5,7],[26,0,5,7],[27,0,5,7]],[],[],[],[],[],[[0,0,6,6],[1,0,6,6],[2,0,6,6],[3,0,6,6],[4,0,6,6],[5,0,6,6],[6,0,6,6],[7,0,6,6],[8,0,6,6],[9,0,6,6],[10,0,6,6],[11,0,6,6],[12,0,6,6],[13,0,6,6],[14,0,6,6],[15,0,6,6],[16,0,6,10],[24,0,6,11],[25,0,6,14],[26,0,6,14],[27,0,6,14],[28,0,6,14],[29,0,6,14],[30,0,6,14]],[],[[12,0,6,6],[13,0,6,10],[14,0,6,10],[15,0,6,10],[16,0,6,10],[17,0,7,9],[18,0,7,17],[19,0,7,17],[20,0,7,17],[21,0,7,17],[22,0,7,17],[23,0,7,17],[24,0,7,17],[25,0,7,17],[26,0,7,18],[27,0,7,20],[28,0,7,20],[29,0,7,20],[30,0,7,20],[31,0,7,20]],[[12,0,6,6],[13,0,6,10],[14,0,6,10],[15,0,6,10],[16,0,6,10],[17,0,8,9],[18,0,8,19],[19,0,8,19],[20,0,8,19],[21,0,8,19],[22,0,8,19],[23,0,8,19],[24,0,8,19],[25,0,8,19],[26,0,8,19],[27,0,8,19],[28,0,8,20],[29,0,8,23],[30,0,8,23],[31,0,8,23],[32,0,8,23],[33,0,8,23],[34,0,8,23]],[],[[16,0,6,6],[17,0,6,10],[18,0,6,10],[19,0,6,10],[20,0,6,10],[21,0,6,10],[22,0,6,10],[23,0,6,10],[24,0,6,10],[25,0,6,10],[26,0,6,10],[27,0,6,10],[28,0,6,10]],[],[],[],[[8,0,6,6],[9,0,6,10],[10,0,6,10],[11,0,6,10],[12,0,6,10],[13,0,6,10],[14,0,6,10],[15,0,6,10],[16,0,6,10],[17,0,6,10],[18,0,6,10],[19,0,6,10],[20,0,6,10]],[],[],[[12,0,9,6],[13,0,9,11],[14,0,9,11],[15,0,9,11],[16,0,9,11],[17,0,9,11],[18,0,9,11],[19,0,9,11],[20,0,9,11],[21,0,9,11],[22,0,9,11],[23,0,9,11],[24,0,9,11],[25,0,9,11],[26,0,9,11],[27,0,9,11],[28,0,9,11],[29,0,9,11],[30,0,9,11],[31,0,9,11],[32,0,9,11],[33,0,9,11],[34,0,9,11],[35,0,9,11],[36,0,9,11],[37,0,9,11],[38,0,9,11],[39,0,9,11],[40,0,9,11],[41,0,9,11],[42,0,9,11],[43,0,9,11],[44,0,9,11],[45,0,9,11],[46,0,9,11],[47,0,9,11],[48,0,9,11],[49,0,9,11],[50,0,9,11],[51,0,9,11],[52,0,9,11],[53,0,9,11],[54,0,9,11],[55,0,9,11],[56,0,9,11],[57,0,9,11],[58,0,9,11],[59,0,9,11],[60,0,9,11],[61,0,9,11],[62,0,9,11],[63,0,9,11],[64,0,9,11],[65,0,9,11],[66,0,9,11],[67,0,9,11],[68,0,9,11],[69,0,9,11],[70,0,9,11],[71,0,9,11],[72,0,9,11],[73,0,9,11],[74,0,9,11],[75,0,9,11],[76,0,9,11],[77,0,9,11],[78,0,9,11],[79,0,9,11],[80,0,9,11],[81,0,9,11],[82,0,9,11],[83,0,9,11],[84,0,9,11],[85,0,9,11],[86,0,9,11],[87,0,9,11],[88,0,9,11],[89,0,9,11],[90,0,9,11],[91,0,9,11],[92,0,9,11],[93,0,9,11],[94,0,9,11],[95,0,9,11],[96,0,9,11],[97,0,9,11],[98,0,9,11],[99,0,9,11],[100,0,9,11],[101,0,9,11],[102,0,9,11],[103,0,9,11],[104,0,9,11],[105,0,9,11],[106,0,9,11],[107,0,9,11],[108,0,9,11],[109,0,9,11],[110,0,9,11],[111,0,9,11],[112,0,9,11],[113,0,9,11],[114,0,9,11],[115,0,9,11],[116,0,9,11],[117,0,9,11],[118,0,9,11],[119,0,9,11],[120,0,9,11],[121,0,9,11],[122,0,9,11],[123,0,9,11],[124,0,9,11],[125,0,9,11],[126,0,9,11],[127,0,9,11],[128,0,9,11],[129,0,9,11],[130,0,9,11],[131,0,9,11],[132,0,9,11],[133,0,9,11],[134,0,9,11],[135,0,9,11],[136,0,9,11],[137,0,9,11]],[],[[0,0,9,6],[1,0,9,6],[2,0,9,6],[3,0,9,6],[4,0,9,6],[5,0,9,6],[6,0,9,6],[7,0,9,6],[8,0,9,6],[9,0,9,6],[10,0,9,6],[11,0,9,6],[12,0,9,6],[13,0,9,6],[14,0,9,6],[15,0,9,6],[16,0,9,6],[17,0,9,11],[18,0,10,9],[19,0,10,9],[20,0,10,9],[21,0,10,9],[22,0,10,9],[23,0,10,9],[24,0,10,9],[25,0,10,9],[26,0,10,9],[27,0,10,18],[28,0,10,19],[29,0,10,19],[30,0,10,19],[31,0,10,19],[32,0,10,19],[33,0,10,19],[34,0,10,19],[35,0,10,19],[36,0,10,27],[37,0,10,28],[38,0,10,35],[39,0,10,35],[40,0,10,35],[41,0,10,35],[42,0,10,35],[43,0,10,35],[44,0,10,35],[45,0,10,35],[46,0,10,35],[47,0,10,35]],[[12,0,9,6],[13,0,9,11],[14,0,9,11],[15,0,9,11],[16,0,9,11],[17,0,9,11],[18,0,11,9],[19,0,11,15],[20,0,11,15],[21,0,11,15],[22,0,11,15],[23,0,11,15],[24,0,11,15],[25,0,11,16],[26,0,11,18],[27,0,11,18],[28,0,11,18],[29,0,11,18],[30,0,11,18]],[[12,0,9,6],[13,0,9,11],[14,0,9,11],[15,0,9,11],[16,0,9,11],[17,0,9,11],[18,0,12,9],[19,0,12,14],[20,0,12,14],[21,0,12,14],[22,0,12,14],[23,0,12,14],[24,0,12,15],[25,0,12,16],[26,0,12,16],[27,0,12,16],[28,0,12,16]],[],[[16,0,9,6],[17,0,9,11],[18,0,9,11],[19,0,9,11],[20,0,9,11],[21,0,9,11],[22,0,9,11],[23,0,9,11],[24,0,9,11],[25,0,9,11],[26,0,9,11],[27,0,9,11],[28,0,9,11],[29,0,9,11]],[],[],[],[[8,0,5,4],[9,0,5,7],[10,0,5,7],[11,0,5,7],[12,0,5,7],[13,0,5,7],[14,0,5,7],[15,0,5,7],[16,0,5,7],[17,0,5,7],[18,0,5,7],[19,0,5,7]],[[0,0,17,3],[1,0,17,3],[2,0,17,3],[3,0,17,3],[4,0,17,3],[5,0,17,3],[6,0,17,3]],[[0,0,18,2],[1,0,18,2],[2,0,18,2],[3,0,18,2],[4,0,18,2],[5,0,18,2],[6,0,18,2],[7,0,18,2],[8,0,18,2],[9,0,18,2],[10,0,18,2],[11,0,18,2],[12,0,18,2],[13,0,18,2],[14,0,18,2],[15,0,18,2],[16,0,18,2],[17,0,18,2],[18,0,18,2],[19,0,18,2],[20,0,18,2],[21,0,18,2],[22,0,18,2]],[],[],[[12,0,19,4],[13,0,19,10],[14,0,19,10],[15,0,19,10],[16,0,19,10],[17,0,19,10],[18,0,19,10],[19,0,19,10],[20,0,19,10],[21,0,19,10],[22,0,19,10],[23,0,19,10],[24,0,19,10],[25,0,19,10],[26,0,19,10],[27,0,19,10],[28,0,19,10],[29,0,19,10]],[],[[12,0,19,4],[13,0,19,10],[14,0,19,10],[15,0,19,10],[16,0,19,10],[17,0,19,10],[18,0,19,10],[19,0,46,5],[20,0,46,10],[21,0,46,10],[22,0,46,10],[23,0,46,10],[24,0,46,10],[25,0,46,11],[26,0,46,17],[27,0,46,17],[28,0,46,17],[29,0,46,17],[30,0,46,17],[31,0,46,17],[32,0,46,17],[33,0,46,17],[34,0,46,17]],[[12,0,19,4],[13,0,19,10],[14,0,19,10],[15,0,19,10],[16,0,19,10],[17,0,19,10],[18,0,19,10],[19,0,47,5],[20,0,47,11],[21,0,47,11],[22,0,47,11],[23,0,47,11],[24,0,47,11],[25,0,47,11],[26,0,47,12],[27,0,47,18],[28,0,47,18],[29,0,47,18],[30,0,47,18],[31,0,47,18],[32,0,47,18],[33,0,47,18],[34,0,47,18],[35,0,47,18]],[],[[16,0,19,4],[17,0,19,10],[18,0,19,10],[19,0,19,10],[20,0,19,10],[21,0,19,10],[22,0,19,10],[23,0,19,10],[24,0,19,10],[25,0,19,10],[26,0,19,10],[27,0,19,10],[28,0,19,10],[29,0,19,10],[30,0,19,10]],[],[],[],[],[],[[12,0,20,6],[13,0,20,9],[14,0,20,9],[15,0,20,9],[16,0,20,9],[17,0,20,9],[18,0,20,9],[19,0,20,9],[20,0,20,9],[21,0,20,9],[22,0,20,9],[23,0,20,9],[24,0,20,9],[25,0,20,9],[26,0,20,9]],[],[[12,0,20,6],[13,0,20,9],[14,0,20,9],[15,0,20,9],[16,0,33,7],[17,0,33,12],[18,0,33,12],[19,0,33,12],[20,0,33,12],[21,0,33,12],[22,0,33,13],[23,0,33,19],[24,0,33,19],[25,0,33,19],[26,0,33,19],[27,0,33,19],[28,0,33,19],[29,0,33,19],[30,0,33,19],[31,0,33,19]],[[12,0,20,6],[13,0,20,9],[14,0,20,9],[15,0,20,9],[16,0,34,7],[17,0,34,13],[18,0,34,13],[19,0,34,13],[20,0,34,13],[21,0,34,13],[22,0,34,13],[23,0,34,14],[24,0,34,19],[25,0,34,19],[26,0,34,19],[27,0,34,19],[28,0,34,19],[29,0,34,19],[30,0,34,19],[31,0,34,19]],[[0,0,20,6],[1,0,20,6],[2,0,20,6],[3,0,20,6],[4,0,20,6],[5,0,20,6],[6,0,20,6],[7,0,20,6],[8,0,20,6],[9,0,20,6],[10,0,20,6],[11,0,20,6],[12,0,20,6],[13,0,20,6],[14,0,20,6],[15,0,20,9],[16,0,35,7],[17,0,35,22],[18,0,35,22],[19,0,35,22],[20,0,35,22],[21,0,35,22],[22,0,35,22],[23,0,35,22],[24,0,35,22],[25,0,35,22],[26,0,35,22],[27,0,35,22],[28,0,35,22],[29,0,35,22],[30,0,35,22],[31,0,35,22],[32,0,35,22],[33,0,35,22],[34,0,35,22],[35,0,35,22],[36,0,35,22],[37,0,35,22],[38,0,35,22],[39,0,35,22],[40,0,35,22],[41,0,35,22],[42,0,35,22],[43,0,35,22],[44,0,35,22],[45,0,35,22],[46,0,35,22],[47,0,35,22],[48,0,35,22],[49,0,35,22],[50,0,35,22],[51,0,35,22],[52,0,35,22],[53,0,35,22],[54,0,35,22],[55,0,35,22],[56,0,35,22],[57,0,35,22],[58,0,35,22],[59,0,35,22],[60,0,35,22],[61,0,35,22],[62,0,35,22],[63,0,35,22],[64,0,35,22],[65,0,35,22],[66,0,35,22],[67,0,35,22],[68,0,35,22],[69,0,35,22],[70,0,35,22],[71,0,35,22],[72,0,35,22],[73,0,35,22],[74,0,35,22],[75,0,35,22],[76,0,35,22],[77,0,35,22],[78,0,35,22],[79,0,35,22],[80,0,35,22],[81,0,35,22],[82,0,35,22],[83,0,35,22],[84,0,35,22],[85,0,35,22],[86,0,35,22],[87,0,35,22],[88,0,35,22],[89,0,35,22],[90,0,35,22],[91,0,35,22],[92,0,35,22],[93,0,35,22],[94,0,35,22],[95,0,35,22],[96,0,35,22],[97,0,35,22],[98,0,35,22],[99,0,35,22],[100,0,35,22],[101,0,35,22],[102,0,35,22],[103,0,35,22],[104,0,35,22],[105,0,35,22],[106,0,35,22],[107,0,35,22],[108,0,35,22],[109,0,35,22],[110,0,35,22],[111,0,35,22],[112,0,35,22],[113,0,35,22],[114,0,35,22],[115,0,35,22],[116,0,35,22],[117,0,35,22],[118,0,35,22],[119,0,35,22],[120,0,35,22],[121,0,35,22],[122,0,35,22],[123,0,35,22],[124,0,35,22],[125,0,35,22],[126,0,35,22],[127,0,35,22],[128,0,35,22],[129,0,35,22],[130,0,35,22],[131,0,35,22],[132,0,35,22],[133,0,35,22],[134,0,35,22],[135,0,35,22],[136,0,35,22],[137,0,35,22],[138,0,35,22],[139,0,35,22],[140,0,35,22],[141,0,35,22],[142,0,35,22],[143,0,35,22],[144,0,35,22]],[],[[16,0,20,6],[17,0,20,9],[18,0,20,9],[19,0,20,9],[20,0,20,9],[21,0,20,9],[22,0,20,9],[23,0,20,9],[24,0,20,9],[25,0,20,9],[26,0,20,9],[27,0,20,9]],[],[],[],[],[],[[12,0,21,8],[13,0,21,14],[14,0,21,14],[15,0,21,14],[16,0,21,14],[17,0,21,14],[18,0,21,14],[19,0,21,14],[20,0,21,14],[21,0,21,14],[22,0,21,14],[23,0,21,14],[24,0,21,14],[25,0,21,14],[26,0,21,14],[27,0,21,14],[28,0,21,14],[29,0,21,14]],[],[[12,0,21,8],[13,0,21,14],[14,0,21,14],[15,0,21,14],[16,0,21,14],[17,0,21,14],[18,0,21,14],[19,0,31,9],[20,0,31,14],[21,0,31,14],[22,0,31,14],[23,0,31,14],[24,0,31,14],[25,0,31,15],[26,0,31,21],[27,0,31,21],[28,0,31,21],[29,0,31,21],[30,0,31,21],[31,0,31,21],[32,0,31,21],[33,0,31,21],[34,0,31,21]],[],[[16,0,21,8],[17,0,21,14],[18,0,21,14],[19,0,21,14],[20,0,21,14],[21,0,21,14],[22,0,21,14],[23,0,21,14],[24,0,21,14],[25,0,21,14],[26,0,21,14],[27,0,21,14],[28,0,21,14],[29,0,21,14],[30,0,21,14]],[],[],[],[],[],[[12,0,22,10],[13,0,22,15],[14,0,22,15],[15,0,22,15],[16,0,22,15],[17,0,22,15],[18,0,22,15],[19,0,22,15],[20,0,22,15],[21,0,22,15],[22,0,22,15],[23,0,22,15],[24,0,22,15],[25,0,22,15],[26,0,22,15],[27,0,22,15],[28,0,22,15],[29,0,22,15],[30,0,22,15],[31,0,22,15],[32,0,22,15],[33,0,22,15],[34,0,22,15],[35,0,22,15],[36,0,22,15],[37,0,22,15],[38,0,22,15],[39,0,22,15],[40,0,22,15],[41,0,22,15],[42,0,22,15],[43,0,22,15],[44,0,22,15],[45,0,22,15],[46,0,22,15],[47,0,22,15],[48,0,22,15],[49,0,22,15],[50,0,22,15],[51,0,22,15],[52,0,22,15],[53,0,22,15],[54,0,22,15],[55,0,22,15],[56,0,22,15],[57,0,22,15],[58,0,22,15],[59,0,22,15],[60,0,22,15],[61,0,22,15],[62,0,22,15],[63,0,22,15],[64,0,22,15],[65,0,22,15],[66,0,22,15],[67,0,22,15],[68,0,22,15],[69,0,22,15],[70,0,22,15],[71,0,22,15],[72,0,22,15],[73,0,22,15],[74,0,22,15],[75,0,22,15],[76,0,22,15],[77,0,22,15],[78,0,22,15],[79,0,22,15],[80,0,22,15],[81,0,22,15],[82,0,22,15],[83,0,22,15],[84,0,22,15],[85,0,22,15],[86,0,22,15],[87,0,22,15],[88,0,22,15],[89,0,22,15],[90,0,22,15],[91,0,22,15],[92,0,22,15],[93,0,22,15],[94,0,22,15],[95,0,22,15],[96,0,22,15],[97,0,22,15],[98,0,22,15],[99,0,22,15],[100,0,22,15],[101,0,22,15],[102,0,22,15],[103,0,22,15],[104,0,22,15],[105,0,22,15],[106,0,22,15],[107,0,22,15],[108,0,22,15],[109,0,22,15],[110,0,22,15],[111,0,22,15],[112,0,22,15],[113,0,22,15],[114,0,22,15],[115,0,22,15],[116,0,22,15],[117,0,22,15],[118,0,22,15],[119,0,22,15],[120,0,22,15],[121,0,22,15],[122,0,22,15],[123,0,22,15],[124,0,22,15],[125,0,22,15],[126,0,22,15],[127,0,22,15],[128,0,22,15],[129,0,22,15],[130,0,22,15],[131,0,22,15],[132,0,22,15],[133,0,22,15],[134,0,22,15],[135,0,22,15],[136,0,22,15],[137,0,22,15]],[],[[12,0,22,10],[13,0,22,15],[14,0,22,15],[15,0,22,15],[16,0,22,15],[17,0,22,15],[18,0,23,13],[19,0,23,19],[20,0,23,19],[21,0,23,19],[22,0,23,19],[23,0,23,19],[24,0,23,19],[25,0,23,20],[26,0,23,22],[27,0,23,22],[28,0,23,22],[29,0,23,22],[30,0,23,22]],[[12,0,22,10],[13,0,22,15],[14,0,22,15],[15,0,22,15],[16,0,22,15],[17,0,22,15],[18,0,24,13],[19,0,24,18],[20,0,24,18],[21,0,24,18],[22,0,24,18],[23,0,24,18],[24,0,24,19],[25,0,24,21],[26,0,24,21],[27,0,24,21],[28,0,24,21],[29,0,24,21]],[[0,0,22,10],[1,0,22,10],[2,0,22,10],[3,0,22,10],[4,0,22,10],[5,0,22,10],[6,0,22,10],[7,0,22,10],[8,0,22,10],[9,0,22,10],[10,0,22,10],[11,0,22,10],[12,0,22,10],[13,0,22,10],[14,0,22,10],[15,0,22,10],[16,0,22,10],[17,0,22,15],[18,0,25,13],[19,0,25,13],[20,0,25,13],[21,0,25,13],[22,0,25,13],[23,0,25,13],[24,0,25,13],[25,0,25,13],[26,0,25,13],[27,0,25,22],[28,0,25,23],[29,0,25,23],[30,0,25,23],[31,0,25,23],[32,0,25,23],[33,0,25,23],[34,0,25,23],[35,0,25,23],[36,0,25,31],[37,0,25,32],[38,0,25,39],[39,0,25,39],[40,0,25,39],[41,0,25,39],[42,0,25,39],[43,0,25,39],[44,0,25,39],[45,0,25,39],[46,0,25,39],[47,0,25,39]],[[0,0,22,10],[1,0,22,10],[2,0,22,10],[3,0,22,10],[4,0,22,10],[5,0,22,10],[6,0,22,10],[7,0,22,10],[8,0,22,10],[9,0,22,10],[10,0,22,10],[11,0,22,10],[12,0,22,10],[13,0,22,10],[14,0,22,10],[15,0,22,10],[16,0,22,10],[17,0,22,15],[18,0,26,13],[19,0,26,19],[20,0,26,19],[21,0,26,19],[22,0,26,19],[23,0,26,19],[24,0,26,19],[25,0,26,20],[27,0,26,21],[28,0,26,24],[29,0,26,24],[30,0,26,24],[31,0,26,24],[32,0,26,26],[34,0,26,28],[35,0,26,29],[36,0,26,29],[37,0,26,29],[38,0,26,29],[39,0,26,29]],[],[[16,0,22,10],[17,0,22,15],[18,0,22,15],[19,0,22,15],[20,0,22,15],[21,0,22,15],[22,0,22,15],[23,0,22,15],[24,0,22,15],[25,0,22,15],[26,0,22,15],[27,0,22,15],[28,0,22,15],[29,0,22,15]],[],[],[],[],[],[[0,0,27,10],[1,0,27,10],[2,0,27,10],[3,0,27,10],[4,0,27,10],[5,0,27,10],[6,0,27,10],[7,0,27,10],[8,0,27,10],[9,0,27,10],[10,0,27,10],[11,0,27,10],[12,0,27,10],[13,0,27,10],[14,0,27,10],[15,0,27,10],[16,0,27,14],[24,0,27,15],[25,0,27,19],[26,0,27,19],[27,0,27,19],[28,0,27,19],[29,0,27,19],[30,0,27,19],[31,0,27,19]],[],[[12,0,27,10],[13,0,27,14],[14,0,27,14],[15,0,27,14],[16,0,27,14],[17,0,28,13],[18,0,28,21],[19,0,28,21],[20,0,28,21],[21,0,28,21],[22,0,28,21],[23,0,28,21],[24,0,28,21],[25,0,28,21],[26,0,28,22],[27,0,28,24],[28,0,28,24],[29,0,28,24],[30,0,28,24],[31,0,28,24]],[[0,0,27,10],[1,0,27,10],[2,0,27,10],[3,0,27,10],[4,0,27,10],[5,0,27,10],[6,0,27,10],[7,0,27,10],[8,0,27,10],[9,0,27,10],[10,0,27,10],[11,0,27,10],[12,0,27,10],[13,0,27,10],[14,0,27,10],[15,0,27,10],[16,0,27,14],[17,0,29,13],[18,0,29,19],[19,0,29,19],[20,0,29,19],[21,0,29,19],[22,0,29,19],[23,0,29,19],[24,0,29,20],[26,0,29,21],[27,0,29,27],[28,0,29,27],[29,0,29,27],[30,0,29,27],[31,0,29,27],[32,0,29,27],[33,0,29,27],[34,0,29,29],[35,0,29,30],[36,0,29,31],[37,0,29,31],[38,0,29,31],[39,0,29,31],[40,0,29,31]],[],[[16,0,27,10],[17,0,27,14],[18,0,27,14],[19,0,27,14],[20,0,27,14],[21,0,27,14],[22,0,27,14],[23,0,27,14],[24,0,27,14],[25,0,27,14],[26,0,27,14],[27,0,27,14],[28,0,27,14]],[],[],[],[[8,0,27,10],[9,0,27,14],[10,0,27,14],[11,0,27,14],[12,0,27,14],[13,0,27,14],[14,0,27,14],[15,0,27,14],[16,0,27,14],[17,0,27,14],[18,0,27,14],[19,0,27,14],[20,0,27,14]],[[8,0,21,8],[9,0,21,14],[10,0,21,14],[11,0,21,14],[12,0,21,14],[13,0,21,14],[14,0,21,14],[15,0,21,14],[16,0,21,14],[17,0,21,14],[18,0,21,14],[19,0,21,14],[20,0,21,14],[21,0,21,14],[22,0,21,14]],[[8,0,20,6],[9,0,20,9],[10,0,20,9],[11,0,20,9],[12,0,20,9],[13,0,20,9],[14,0,20,9],[15,0,20,9],[16,0,20,9],[17,0,20,9],[18,0,20,9],[19,0,20,9]],[],[],[[12,0,36,6],[13,0,36,12],[14,0,36,12],[15,0,36,12],[16,0,36,12],[17,0,36,12],[18,0,36,12],[19,0,36,12],[20,0,36,12],[21,0,36,12],[22,0,36,12],[23,0,36,12],[24,0,36,12],[25,0,36,12],[26,0,36,12],[27,0,36,12],[28,0,36,12],[29,0,36,12]],[],[[12,0,36,6],[13,0,36,12],[14,0,36,12],[15,0,36,12],[16,0,36,12],[17,0,36,12],[18,0,36,12],[19,0,44,7],[20,0,44,12],[21,0,44,12],[22,0,44,12],[23,0,44,12],[24,0,44,12],[25,0,44,13],[26,0,44,18],[27,0,44,18],[28,0,44,18],[29,0,44,18],[30,0,44,18],[31,0,44,18],[32,0,44,18],[33,0,44,18]],[],[[16,0,36,6],[17,0,36,12],[18,0,36,12],[19,0,36,12],[20,0,36,12],[21,0,36,12],[22,0,36,12],[23,0,36,12],[24,0,36,12],[25,0,36,12],[26,0,36,12],[27,0,36,12],[28,0,36,12],[29,0,36,12],[30,0,36,12]],[],[],[],[[8,0,37,8],[9,0,37,12],[10,0,37,12],[11,0,37,12],[12,0,37,12],[13,0,37,13],[14,0,37,17],[15,0,37,17],[16,0,37,17],[17,0,37,17],[18,0,37,17],[19,0,37,17],[20,0,37,17],[21,0,37,17],[22,0,37,17],[23,0,37,17],[24,0,37,17],[25,0,37,17],[26,0,37,17],[27,0,37,17],[28,0,37,17],[29,0,37,18],[30,0,37,24],[31,0,37,24],[32,0,37,24],[33,0,37,24],[34,0,37,24],[35,0,37,24],[36,0,37,24],[37,0,37,24],[38,0,37,24]],[],[],[[12,0,38,8],[13,0,38,15],[14,0,38,15],[15,0,38,15],[16,0,38,15],[17,0,38,15],[18,0,38,15],[19,0,38,15],[20,0,38,15],[21,0,38,15],[22,0,38,15],[23,0,38,15],[24,0,38,15],[25,0,38,15],[26,0,38,15],[27,0,38,15],[28,0,38,15],[29,0,38,15],[30,0,38,15]],[],[],[[16,0,38,8],[17,0,38,15],[18,0,38,15],[19,0,38,15],[20,0,38,15],[21,0,38,15],[22,0,38,15],[23,0,38,15],[24,0,38,15],[25,0,38,15],[26,0,38,15],[27,0,38,15],[28,0,38,15],[29,0,38,15],[30,0,38,15],[31,0,38,15]],[],[],[],[[8,0,39,8],[9,0,39,12],[10,0,39,12],[11,0,39,12],[12,0,39,12],[13,0,39,13],[14,0,39,17],[15,0,39,17],[16,0,39,17],[17,0,39,17],[18,0,39,17],[19,0,39,17],[20,0,39,17],[21,0,39,17],[22,0,39,17],[23,0,39,17],[24,0,39,17],[25,0,39,17],[26,0,39,17],[27,0,39,17],[28,0,39,17],[29,0,39,18],[30,0,39,24],[31,0,39,24],[32,0,39,24],[33,0,39,24],[34,0,39,24],[35,0,39,24],[36,0,39,24],[37,0,39,24],[38,0,39,24]],[],[],[[12,0,40,8],[13,0,40,15],[14,0,40,15],[15,0,40,15],[16,0,40,15],[17,0,40,15],[18,0,40,15],[19,0,40,15],[20,0,40,15],[21,0,40,15],[22,0,40,15],[23,0,40,15],[24,0,40,15],[25,0,40,15],[26,0,40,15],[27,0,40,15],[28,0,40,15],[29,0,40,15],[30,0,40,15]],[],[],[[16,0,40,8],[17,0,40,15],[18,0,40,15],[19,0,40,15],[20,0,40,15],[21,0,40,15],[22,0,40,15],[23,0,40,15],[24,0,40,15],[25,0,40,15],[26,0,40,15],[27,0,40,15],[28,0,40,15],[29,0,40,15],[30,0,40,15],[31,0,40,15]],[],[],[],[[8,0,41,8],[9,0,41,12],[10,0,41,12],[11,0,41,12],[12,0,41,12],[13,0,41,13],[14,0,41,17],[15,0,41,17],[16,0,41,17],[17,0,41,17],[18,0,41,17],[19,0,41,17],[20,0,41,17],[21,0,41,17],[22,0,41,17],[23,0,41,17],[24,0,41,17],[25,0,41,17],[26,0,41,17],[27,0,41,17],[28,0,41,17],[29,0,41,18],[30,0,41,22],[31,0,41,22],[32,0,41,22],[33,0,41,22],[34,0,41,22],[35,0,41,22],[36,0,41,22]],[],[],[[12,0,42,8],[13,0,42,15],[14,0,42,15],[15,0,42,15],[16,0,42,15],[17,0,42,15],[18,0,42,15],[19,0,42,15],[20,0,42,15],[21,0,42,15],[22,0,42,15],[23,0,42,15],[24,0,42,15],[25,0,42,15],[26,0,42,15],[27,0,42,15],[28,0,42,15],[29,0,42,15],[30,0,42,15]],[],[],[[16,0,42,8],[17,0,42,15],[18,0,42,15],[19,0,42,15],[20,0,42,15],[21,0,42,15],[22,0,42,15],[23,0,42,15],[24,0,42,15],[25,0,42,15],[26,0,42,15],[27,0,42,15],[28,0,42,15],[29,0,42,15],[30,0,42,15],[31,0,42,15]],[],[],[],[[8,0,36,6],[9,0,36,12],[10,0,36,12],[11,0,36,12],[12,0,36,12],[13,0,36,12],[14,0,36,12],[15,0,36,12],[16,0,36,12],[17,0,36,12],[18,0,36,12],[19,0,36,12],[20,0,36,12],[21,0,36,12],[22,0,36,12]],[[8,0,19,4],[9,0,19,10],[10,0,19,10],[11,0,19,10],[12,0,19,10],[13,0,19,10],[14,0,19,10],[15,0,19,10],[16,0,19,10],[17,0,19,10],[18,0,19,10],[19,0,19,10],[20,0,19,10],[21,0,19,10],[22,0,19,10]],[[0,0,48,3],[1,0,48,3],[2,0,48,3],[3,0,48,3],[4,0,48,3],[5,0,48,3],[6,0,48,3]],[],[],[],[],[],[],[],[],[],[],[]],"names":[],"sources":["D:\\LHarmonyProject\\BaiZhanKeep\\entry\\src\\main\\ets\\view\\mine\\MineContent.ets"],"sourcesContent":["@Preview\r\n@Component\r\nexport default struct MineContent {\r\n  @Builder\r\n  item(msg: string) {\r\n    Row() {\r\n      Text(msg)\r\n        .fontSize(20)\r\n        .fontWeight(500)\r\n      Image($r('app.media.ic_right_grey'))\r\n        .objectFit(ImageFit.Contain)\r\n        .height(12)\r\n        .width(7)\r\n    }\r\n    .width('100%')\r\n    .justifyContent(FlexAlign.SpaceBetween)\r\n    .margin({top: 15, bottom: 15})\r\n  }\r\n  build() {\r\n    Column() {\r\n      Row() {\r\n        Column() {\r\n          Image($r('app.media.icon_user'))\r\n            .height(66)\r\n            .width(66)\r\n            .objectFit(ImageFit.Contain)\r\n            .margin({top: 71})\r\n          Text('小王')\r\n            .fontSize(20)\r\n            .margin({bottom: 6})\r\n        }\r\n        .width('100%')\r\n      }\r\n      .width('100%')\r\n      .height('25%')\r\n      .backgroundColor($r('app.color.light_gray'))\r\n      Column() {\r\n        this.item('个人资料')\r\n        Divider()\r\n        this.item('检测更新')\r\n        Divider()\r\n        this.item('关于')\r\n        Divider()\r\n      }\r\n      .width('90%')\r\n    }\r\n    .width('100%')\r\n    .height('100%')\r\n  }\r\n}"]},"resolvedIds":{},"sourcemapChain":[],"syntheticNamedExports":false,"transformDependencies":[],"cacheAst":{"dynamicImportCache":[],"exportAllDeclarationCache":[],"exportNamedDeclarationCache":[],"importCache":[]}},{"assertions":{},"code":"export default {}","customTransformCache":false,"dependencies":[],"id":"\u0000rollup_plugin_ignore_empty_module_placeholder","meta":{"hostModulesInfo":[{"hostDependencyName":"@ohos.hilog","hostModuleName":"entry"},{"hostDependencyName":"@ohos.app.ability.UIAbility","hostModuleName":"entry"}]},"moduleSideEffects":true,"originalCode":"export default {}","originalSourcemap":null,"resolvedIds":{},"sourcemapChain":[{"version":3,"file":null,"sources":[null],"sourcesContent":[null],"names":[],"mappings":[[[0,0,0,0],[1,0,0,1],[2,0,0,2],[3,0,0,3],[4,0,0,4],[5,0,0,5],[6,0,0,6],[7,0,0,7],[8,0,0,8],[9,0,0,9],[10,0,0,10],[11,0,0,11],[12,0,0,12],[13,0,0,13],[14,0,0,14],[15,0,0,15],[16,0,0,16]]]}],"syntheticNamedExports":false,"transformDependencies":[],"cacheAst":{"dynamicImportCache":[],"exportAllDeclarationCache":[],"exportNamedDeclarationCache":[],"importCache":[]}}],"plugins":{"watchChangedFiles":{"watchChangedFilesCache":[0,"watchChangedFiles"],"watchModifiedFiles":[0,["D:\\LHarmonyProject\\BaiZhanKeep\\entry\\src\\main\\ets\\pages\\SplashIndex.ets","D:\\LHarmonyProject\\BaiZhanKeep\\entry\\src\\main\\ets\\pages\\SplashIndex.ets","D:\\LHarmonyProject\\BaiZhanKeep\\entry\\src\\main\\ets\\pages\\SplashIndex.ets","D:\\LHarmonyProject\\BaiZhanKeep\\entry\\src\\main\\ets\\dialog\\UserPrivacyDialog.ets","D:\\LHarmonyProject\\BaiZhanKeep\\entry\\src\\main\\ets\\dialog\\UserPrivacyDialog.ets","D:\\LHarmonyProject\\BaiZhanKeep\\entry\\src\\main\\ets\\dialog\\UserPrivacyDialog.ets","D:\\LHarmonyProject\\BaiZhanKeep\\entry\\src\\main\\ets\\dialog\\UserPrivacyDialog.ets","D:\\LHarmonyProject\\BaiZhanKeep\\entry\\src\\main\\ets\\dialog\\UserPrivacyDialog.ets","D:\\LHarmonyProject\\BaiZhanKeep\\entry\\src\\main\\ets\\dialog\\UserPrivacyDialog.ets","D:\\LHarmonyProject\\BaiZhanKeep\\entry\\src\\main\\ets\\pages\\SplashIndex.ets","D:\\LHarmonyProject\\BaiZhanKeep\\entry\\src\\main\\ets\\pages\\SplashIndex.ets","D:\\LHarmonyProject\\BaiZhanKeep\\entry\\src\\main\\ets\\pages\\SplashIndex.ets","D:\\LHarmonyProject\\BaiZhanKeep\\entry\\src\\main\\ets\\pages\\SplashIndex.ets","D:\\LHarmonyProject\\BaiZhanKeep\\entry\\src\\main\\ets\\pages\\SplashIndex.ets","D:\\LHarmonyProject\\BaiZhanKeep\\entry\\src\\main\\ets\\pages\\SplashIndex.ets","D:\\LHarmonyProject\\BaiZhanKeep\\entry\\src\\main\\ets\\pages\\SplashIndex.ets","D:\\LHarmonyProject\\BaiZhanKeep\\entry\\src\\main\\ets\\pages\\SplashIndex.ets","D:\\LHarmonyProject\\BaiZhanKeep\\entry\\src\\main\\ets\\pages\\MainIndex.ets","D:\\LHarmonyProject\\BaiZhanKeep\\entry\\src\\main\\ets\\pages\\MainIndex.ets","D:\\LHarmonyProject\\BaiZhanKeep\\entry\\src\\main\\ets\\pages\\MainIndex.ets","D:\\LHarmonyProject\\BaiZhanKeep\\entry\\src\\main\\ets\\pages\\MainIndex.ets","D:\\LHarmonyProject\\BaiZhanKeep\\entry\\src\\main\\ets\\pages\\MainIndex.ets","D:\\LHarmonyProject\\BaiZhanKeep\\entry\\src\\main\\ets\\view\\home\\HomeContent.ets","D:\\LHarmonyProject\\BaiZhanKeep\\entry\\src\\main\\ets\\view\\home\\HomeContent.ets","D:\\LHarmonyProject\\BaiZhanKeep\\entry\\src\\main\\ets\\view\\home\\HomeContent.ets","D:\\LHarmonyProject\\BaiZhanKeep\\entry\\src\\main\\ets\\view\\home\\HomeContent.ets","D:\\LHarmonyProject\\BaiZhanKeep\\entry\\src\\main\\ets\\view\\home\\HomeContent.ets","D:\\LHarmonyProject\\BaiZhanKeep\\entry\\src\\main\\ets\\pages\\SplashIndex.ets","D:\\LHarmonyProject\\BaiZhanKeep\\entry\\src\\main\\ets\\pages\\SplashIndex.ets","D:\\LHarmonyProject\\BaiZhanKeep\\entry\\src\\main\\ets\\pages\\SplashIndex.ets","D:\\LHarmonyProject\\BaiZhanKeep\\entry\\src\\main\\ets\\entryability\\EntryAbility.ets","D:\\LHarmonyProject\\BaiZhanKeep\\entry\\src\\main\\ets\\pages\\SplashIndex.ets","D:\\LHarmonyProject\\BaiZhanKeep\\entry\\src\\main\\ets\\pages\\SplashIndex.ets","D:\\LHarmonyProject\\BaiZhanKeep\\entry\\src\\main\\ets\\pages\\SplashIndex.ets","D:\\LHarmonyProject\\BaiZhanKeep\\entry\\src\\main\\ets\\entryability\\EntryAbility.ets","D:\\LHarmonyProject\\BaiZhanKeep\\entry\\src\\main\\ets\\pages\\SplashIndex.ets","D:\\LHarmonyProject\\BaiZhanKeep\\entry\\src\\main\\ets\\pages\\SplashIndex.ets","D:\\LHarmonyProject\\BaiZhanKeep\\entry\\src\\main\\ets\\dialog\\TaskAddDialog.ets","D:\\LHarmonyProject\\BaiZhanKeep\\entry\\src\\main\\ets\\dialog\\TaskAddDialog.ets","D:\\LHarmonyProject\\BaiZhanKeep\\entry\\src\\main\\ets\\dialog\\TaskAddDialog.ets","D:\\LHarmonyProject\\BaiZhanKeep\\entry\\src\\main\\ets\\view\\achievement\\AchievementTop.ets","D:\\LHarmonyProject\\BaiZhanKeep\\entry\\src\\main\\ets\\view\\achievement\\AchievementTop.ets"]],"watchRemovedFiles":[0,["D:\\LHarmonyProject\\BaiZhanKeep\\entry\\src\\main\\ets\\view\\HomeContent.ets"]]},"etsTransform":{"disableCacheOptions":[0,{"bundleName":"com.example.baizhankeep","entryModuleName":"entry","runtimeOS":"HarmonyOS","resourceTableHash":"d53fafa269c49d35073210e320ad7628","etsLoaderVersion":"3.2.12.5"}],"fileCacheInfo":[0,{"D:\\LHarmonyProject\\BaiZhanKeep\\entry\\src\\main\\ets\\pages\\SplashIndex.ets":{"hasEntry":true},"D:\\LHarmonyProject\\BaiZhanKeep\\entry\\src\\main\\ets\\entryability\\EntryAbility.ets":{"hasEntry":false},"D:\\LHarmonyProject\\BaiZhanKeep\\entry\\src\\main\\ets\\dialog\\UserPrivacyDialog.ets":{"hasEntry":false},"D:\\LHarmonyProject\\BaiZhanKeep\\entry\\src\\main\\ets\\pages\\MainIndex.ets":{"hasEntry":true},"D:\\LHarmonyProject\\BaiZhanKeep\\entry\\src\\main\\ets\\utils\\Logger.ets":{"hasEntry":false},"D:\\LHarmonyProject\\BaiZhanKeep\\entry\\src\\main\\ets\\view\\HomeContent.ets":{"hasEntry":false},"D:\\LHarmonyProject\\BaiZhanKeep\\entry\\src\\main\\ets\\utils\\DateUtil.ets":{"hasEntry":false},"D:\\LHarmonyProject\\BaiZhanKeep\\entry\\src\\main\\ets\\view\\home\\HomeContent.ets":{"hasEntry":false},"D:\\LHarmonyProject\\BaiZhanKeep\\entry\\src\\main\\ets\\dialog\\DateDialog.ets":{"hasEntry":false},"D:\\LHarmonyProject\\BaiZhanKeep\\entry\\src\\main\\ets\\dialog\\TaskAddDialog.ets":{"hasEntry":false},"D:\\LHarmonyProject\\BaiZhanKeep\\entry\\src\\main\\ets\\view\\achievement\\AchievementTop.ets":{"hasEntry":false},"D:\\LHarmonyProject\\BaiZhanKeep\\entry\\src\\main\\ets\\view\\mine\\MineContent.ets":{"hasEntry":false}}]},"buildInstrument":{"needCoverageInsert":[0,false]},"genAbc":{"is_cache_invalid":[0,false],"ark_compiler_meta_info":[0,"9:9:HarmonyOS:E:\\node\\openharmony\\9\\ets\\build-tools\\ets-loader:3.2.12.5:Release:com.example.baizhankeep:1043bfc77febe75fafec0c4309faccf1:null_aotCompileMode:null_apPath"]}}}