{"E:\\university\\programming\\No7_mobile_app_software_develop\\DevEcoStudioProjects\\EndingProject\\BaiZhanKeep\\AppScope\\app.json5":{"hashValue":"78284d852ced7edfba42d9afa6758f59","name":"app.json5","path":"E:\\university\\programming\\No7_mobile_app_software_develop\\DevEcoStudioProjects\\EndingProject\\BaiZhanKeep\\AppScope\\app.json5","type":"file","isSymbolicLink":false,"fileMetaData":{"size":214,"lastModifiedTime":1715048319283}},"E:\\university\\programming\\No7_mobile_app_software_develop\\DevEcoStudioProjects\\EndingProject\\BaiZhanKeep\\entry\\src\\main\\module.json5":{"hashValue":"c7b9e992826f851ebbe0c9e4dfdd519b","name":"module.json5","path":"E:\\university\\programming\\No7_mobile_app_software_develop\\DevEcoStudioProjects\\EndingProject\\BaiZhanKeep\\entry\\src\\main\\module.json5","type":"file","isSymbolicLink":false,"fileMetaData":{"size":935,"lastModifiedTime":1715048235101}},"E:\\university\\programming\\No7_mobile_app_software_develop\\DevEcoStudioProjects\\EndingProject\\BaiZhanKeep\\build-profile.json5":{"hashValue":"a6820a544dd6eb28abce50044406a6d0","name":"build-profile.json5","path":"E:\\university\\programming\\No7_mobile_app_software_develop\\DevEcoStudioProjects\\EndingProject\\BaiZhanKeep\\build-profile.json5","type":"file","isSymbolicLink":false,"fileMetaData":{"size":475,"lastModifiedTime":1733297442508}},"E:\\university\\programming\\No7_mobile_app_software_develop\\DevEcoStudioProjects\\EndingProject\\BaiZhanKeep\\entry\\build-profile.json5":{"hashValue":"f23107f72546dd6bd3fafd8968ff50c2","name":"build-profile.json5","path":"E:\\university\\programming\\No7_mobile_app_software_develop\\DevEcoStudioProjects\\EndingProject\\BaiZhanKeep\\entry\\build-profile.json5","type":"file","isSymbolicLink":false,"fileMetaData":{"size":192,"lastModifiedTime":1715048081263}},"E:\\university\\programming\\No7_mobile_app_software_develop\\DevEcoStudioProjects\\EndingProject\\BaiZhanKeep\\entry\\src\\main\\resources\\base\\profile\\main_pages.json":{"hashValue":"16042ef68e2a0caf3af43debb6e177bf","name":"main_pages.json","path":"E:\\university\\programming\\No7_mobile_app_software_develop\\DevEcoStudioProjects\\EndingProject\\BaiZhanKeep\\entry\\src\\main\\resources\\base\\profile\\main_pages.json","type":"file","isSymbolicLink":false,"fileMetaData":{"size":91,"lastModifiedTime":1715410389335}},"E:\\university\\programming\\No7_mobile_app_software_develop\\DevEcoStudioProjects\\EndingProject\\BaiZhanKeep\\hvigor\\hvigor-config.json5":{"hashValue":"1408a9dc3c3b83b7fe86c50c38757b54","name":"hvigor-config.json5","path":"E:\\university\\programming\\No7_mobile_app_software_develop\\DevEcoStudioProjects\\EndingProject\\BaiZhanKeep\\hvigor\\hvigor-config.json5","type":"file","isSymbolicLink":false,"fileMetaData":{"size":58,"lastModifiedTime":1733297442768}},"E:\\university\\programming\\No7_mobile_app_software_develop\\DevEcoStudioProjects\\EndingProject\\BaiZhanKeep\\entry\\oh-package.json5":{"hashValue":"38f7c87a8ad030ff7e195fa5f8c2c35a","name":"oh-package.json5","path":"E:\\university\\programming\\No7_mobile_app_software_develop\\DevEcoStudioProjects\\EndingProject\\BaiZhanKeep\\entry\\oh-package.json5","type":"file","isSymbolicLink":false,"fileMetaData":{"size":183,"lastModifiedTime":1715048073213}},"E:\\university\\programming\\No7_mobile_app_software_develop\\DevEcoStudioProjects\\EndingProject\\BaiZhanKeep\\entry\\build\\default\\intermediates\\hap_metadata\\default\\output_metadata.json":{"hashValue":"2ef38f847c0f27148538643a8b66d770","name":"output_metadata.json","path":"E:\\university\\programming\\No7_mobile_app_software_develop\\DevEcoStudioProjects\\EndingProject\\BaiZhanKeep\\entry\\build\\default\\intermediates\\hap_metadata\\default\\output_metadata.json","type":"file","isSymbolicLink":false,"fileMetaData":{"size":93,"lastModifiedTime":1733298071500}},"E:\\university\\programming\\No7_mobile_app_software_develop\\DevEcoStudioProjects\\EndingProject\\BaiZhanKeep\\entry\\build\\default\\intermediates\\merge_profile\\default\\module.json":{"hashValue":"50fa6ff097767440f27e8698090fd908","name":"module.json","path":"E:\\university\\programming\\No7_mobile_app_software_develop\\DevEcoStudioProjects\\EndingProject\\BaiZhanKeep\\entry\\build\\default\\intermediates\\merge_profile\\default\\module.json","type":"file","isSymbolicLink":false,"fileMetaData":{"size":1212,"lastModifiedTime":1733298071511}},"E:\\university\\programming\\No7_mobile_app_software_develop\\DevEcoStudioProjects\\EndingProject\\BaiZhanKeep\\entry\\build\\default\\generated\\profile\\default\\BuildProfile.ets":{"hashValue":"7b7cb6ba946a208b86e233a8f8369551","name":"BuildProfile.ets","path":"E:\\university\\programming\\No7_mobile_app_software_develop\\DevEcoStudioProjects\\EndingProject\\BaiZhanKeep\\entry\\build\\default\\generated\\profile\\default\\BuildProfile.ets","type":"file","isSymbolicLink":false,"fileMetaData":{"size":866,"lastModifiedTime":1733298071517}},"E:\\university\\programming\\No7_mobile_app_software_develop\\DevEcoStudioProjects\\EndingProject\\BaiZhanKeep\\entry\\build\\default\\outputs\\default\\pack.info":{"hashValue":"c17b0457bbb265375f5e6b53542585a5","name":"pack.info","path":"E:\\university\\programming\\No7_mobile_app_software_develop\\DevEcoStudioProjects\\EndingProject\\BaiZhanKeep\\entry\\build\\default\\outputs\\default\\pack.info","type":"file","isSymbolicLink":false,"fileMetaData":{"size":560,"lastModifiedTime":1733298071565}},"E:\\university\\programming\\No7_mobile_app_software_develop\\DevEcoStudioProjects\\EndingProject\\BaiZhanKeep\\entry\\build\\default\\intermediates\\process_profile\\default\\module.json":{"hashValue":"cda40ee690c0ced1a0026f913837905e","name":"module.json","path":"E:\\university\\programming\\No7_mobile_app_software_develop\\DevEcoStudioProjects\\EndingProject\\BaiZhanKeep\\entry\\build\\default\\intermediates\\process_profile\\default\\module.json","type":"file","isSymbolicLink":false,"fileMetaData":{"size":1297,"lastModifiedTime":1733298071863}},"D:\\Huaiwei\\DevEco Studio\\sdk\\HarmonyOS-NEXT-DB6\\openharmony\\toolchains\\syscap_tool.exe":{"hashValue":"ed5d0c1cf0f8d312009b21725739e5c0","name":"syscap_tool.exe","path":"D:\\Huaiwei\\DevEco Studio\\sdk\\HarmonyOS-NEXT-DB6\\openharmony\\toolchains\\syscap_tool.exe","type":"file","isSymbolicLink":false,"fileMetaData":{"size":334336,"lastModifiedTime":1724385431000}},"D:\\Huaiwei\\DevEco Studio\\sdk\\HarmonyOS-NEXT-DB6\\openharmony\\ets\\api\\device-define":{"hashValue":"a789f8391da7d330a64c0b399c24ed39","name":"device-define","path":"D:\\Huaiwei\\DevEco Studio\\sdk\\HarmonyOS-NEXT-DB6\\openharmony\\ets\\api\\device-define","type":"directory","isSymbolicLink":false,"children":[{"hashValue":"0052bddfadd4a7630a2f946f0693c85c","name":"default.json","path":"D:\\Huaiwei\\DevEco Studio\\sdk\\HarmonyOS-NEXT-DB6\\openharmony\\ets\\api\\device-define\\default.json","type":"file","isSymbolicLink":false,"fileMetaData":{"size":11679,"lastModifiedTime":1724385431000}},{"hashValue":"e030d1671fe621e782ac6f2d3a999437","name":"liteWearable.json","path":"D:\\Huaiwei\\DevEco Studio\\sdk\\HarmonyOS-NEXT-DB6\\openharmony\\ets\\api\\device-define\\liteWearable.json","type":"file","isSymbolicLink":false,"fileMetaData":{"size":686,"lastModifiedTime":1724385431000}},{"hashValue":"bdeb33da7087bbf15a6e78c2f732b319","name":"tablet.json","path":"D:\\Huaiwei\\DevEco Studio\\sdk\\HarmonyOS-NEXT-DB6\\openharmony\\ets\\api\\device-define\\tablet.json","type":"file","isSymbolicLink":false,"fileMetaData":{"size":11246,"lastModifiedTime":1724385431000}}]},"E:\\university\\programming\\No7_mobile_app_software_develop\\DevEcoStudioProjects\\EndingProject\\BaiZhanKeep\\oh-package.json5":{"hashValue":"d14f46fbc8394b85c83d0296e4296328","name":"oh-package.json5","path":"E:\\university\\programming\\No7_mobile_app_software_develop\\DevEcoStudioProjects\\EndingProject\\BaiZhanKeep\\oh-package.json5","type":"file","isSymbolicLink":false,"fileMetaData":{"size":276,"lastModifiedTime":1733297442759}},"E:\\university\\programming\\No7_mobile_app_software_develop\\DevEcoStudioProjects\\EndingProject\\BaiZhanKeep\\entry\\build\\default\\intermediates\\router_map\\default\\temp-router-map.json":{"hashValue":"6747c0fd978f3649345dca686b342dbd","name":"temp-router-map.json","path":"E:\\university\\programming\\No7_mobile_app_software_develop\\DevEcoStudioProjects\\EndingProject\\BaiZhanKeep\\entry\\build\\default\\intermediates\\router_map\\default\\temp-router-map.json","type":"file","isSymbolicLink":false,"fileMetaData":{"size":16,"lastModifiedTime":1733298071876}},"E:\\university\\programming\\No7_mobile_app_software_develop\\DevEcoStudioProjects\\EndingProject\\BaiZhanKeep\\entry\\build\\default\\intermediates\\router_map\\default\\loader-router-map.json":{"hashValue":"c9d88ca79a234beced9383256e7f7bdb","name":"loader-router-map.json","path":"E:\\university\\programming\\No7_mobile_app_software_develop\\DevEcoStudioProjects\\EndingProject\\BaiZhanKeep\\entry\\build\\default\\intermediates\\router_map\\default\\loader-router-map.json","type":"file","isSymbolicLink":false,"fileMetaData":{"size":16,"lastModifiedTime":1733298071877}},"E:\\university\\programming\\No7_mobile_app_software_develop\\DevEcoStudioProjects\\EndingProject\\BaiZhanKeep\\entry\\build\\default\\intermediates\\res\\default\\resConfig.json":{"hashValue":"c9886afc58f36cdec22b499edcc27ebf","name":"resConfig.json","path":"E:\\university\\programming\\No7_mobile_app_software_develop\\DevEcoStudioProjects\\EndingProject\\BaiZhanKeep\\entry\\build\\default\\intermediates\\res\\default\\resConfig.json","type":"file","isSymbolicLink":false,"fileMetaData":{"size":1476,"lastModifiedTime":1733298071891}},"E:\\university\\programming\\No7_mobile_app_software_develop\\DevEcoStudioProjects\\EndingProject\\BaiZhanKeep\\entry\\build\\default\\intermediates\\loader\\default\\loader.json":{"hashValue":"48ab1892a66d439426c2404e3b688626","name":"loader.json","path":"E:\\university\\programming\\No7_mobile_app_software_develop\\DevEcoStudioProjects\\EndingProject\\BaiZhanKeep\\entry\\build\\default\\intermediates\\loader\\default\\loader.json","type":"file","isSymbolicLink":false,"fileMetaData":{"size":1279,"lastModifiedTime":1733298071911}},"E:\\university\\programming\\No7_mobile_app_software_develop\\DevEcoStudioProjects\\EndingProject\\BaiZhanKeep\\entry\\build\\default\\intermediates\\libs\\default":{"hashValue":"","name":"default","path":"E:\\university\\programming\\No7_mobile_app_software_develop\\DevEcoStudioProjects\\EndingProject\\BaiZhanKeep\\entry\\build\\default\\intermediates\\libs\\default","type":"directory","isSymbolicLink":false,"children":[]},"E:\\university\\programming\\No7_mobile_app_software_develop\\DevEcoStudioProjects\\EndingProject\\BaiZhanKeep\\entry\\src\\main\\resources":{"hashValue":"9fff33387996410a4b6c6f17e38acde2","name":"resources","path":"E:\\university\\programming\\No7_mobile_app_software_develop\\DevEcoStudioProjects\\EndingProject\\BaiZhanKeep\\entry\\src\\main\\resources","type":"directory","isSymbolicLink":false,"children":[{"hashValue":"ba61368b506688d2b4e4e3179973600f","name":"base","path":"E:\\university\\programming\\No7_mobile_app_software_develop\\DevEcoStudioProjects\\EndingProject\\BaiZhanKeep\\entry\\src\\main\\resources\\base","type":"directory","isSymbolicLink":false,"children":[{"hashValue":"7ca4eb581e9247866c13a98e3eef461d","name":"element","path":"E:\\university\\programming\\No7_mobile_app_software_develop\\DevEcoStudioProjects\\EndingProject\\BaiZhanKeep\\entry\\src\\main\\resources\\base\\element","type":"directory","isSymbolicLink":false,"children":[{"hashValue":"99c0497dbd70f5c6705c139ede70dd4b","name":"color.json","path":"E:\\university\\programming\\No7_mobile_app_software_develop\\DevEcoStudioProjects\\EndingProject\\BaiZhanKeep\\entry\\src\\main\\resources\\base\\element\\color.json","type":"file","isSymbolicLink":false,"fileMetaData":{"size":835,"lastModifiedTime":1715050277100}},{"hashValue":"7f47ca03e7d43c3866c6757b4b23193b","name":"string.json","path":"E:\\university\\programming\\No7_mobile_app_software_develop\\DevEcoStudioProjects\\EndingProject\\BaiZhanKeep\\entry\\src\\main\\resources\\base\\element\\string.json","type":"file","isSymbolicLink":false,"fileMetaData":{"size":1668,"lastModifiedTime":1714457932645}}]},{"hashValue":"6a36d644490e2c69b8fd4e4993a80073","name":"media","path":"E:\\university\\programming\\No7_mobile_app_software_develop\\DevEcoStudioProjects\\EndingProject\\BaiZhanKeep\\entry\\src\\main\\resources\\base\\media","type":"directory","isSymbolicLink":false,"children":[{"hashValue":"e6515903cb91afbdf15aa8f7ac220db8","name":"add_norm_filled.svg","path":"E:\\university\\programming\\No7_mobile_app_software_develop\\DevEcoStudioProjects\\EndingProject\\BaiZhanKeep\\entry\\src\\main\\resources\\base\\media\\add_norm_filled.svg","type":"file","isSymbolicLink":false,"fileMetaData":{"size":1277,"lastModifiedTime":1711958382780}},{"hashValue":"0109d5fb3d2216cfc7ca1e13af4f34b1","name":"arrow_down.svg","path":"E:\\university\\programming\\No7_mobile_app_software_develop\\DevEcoStudioProjects\\EndingProject\\BaiZhanKeep\\entry\\src\\main\\resources\\base\\media\\arrow_down.svg","type":"file","isSymbolicLink":false,"fileMetaData":{"size":1328,"lastModifiedTime":1711958383397}},{"hashValue":"3f0805c6214bd0fad96f10613d4db465","name":"back.png","path":"E:\\university\\programming\\No7_mobile_app_software_develop\\DevEcoStudioProjects\\EndingProject\\BaiZhanKeep\\entry\\src\\main\\resources\\base\\media\\back.png","type":"file","isSymbolicLink":false,"fileMetaData":{"size":312,"lastModifiedTime":1711958383353}},{"hashValue":"c23c5c8bd2fbbd79c31be5e4eeb3875d","name":"barbell.png","path":"E:\\university\\programming\\No7_mobile_app_software_develop\\DevEcoStudioProjects\\EndingProject\\BaiZhanKeep\\entry\\src\\main\\resources\\base\\media\\barbell.png","type":"file","isSymbolicLink":false,"fileMetaData":{"size":8892,"lastModifiedTime":1713336755135}},{"hashValue":"fd6269b5792ddfb722705f3d7ebb9ad3","name":"bike.png","path":"E:\\university\\programming\\No7_mobile_app_software_develop\\DevEcoStudioProjects\\EndingProject\\BaiZhanKeep\\entry\\src\\main\\resources\\base\\media\\bike.png","type":"file","isSymbolicLink":false,"fileMetaData":{"size":11710,"lastModifiedTime":1713336826208}},{"hashValue":"d9b60929b934299b30b6e161f5b5ac61","name":"delete.svg","path":"E:\\university\\programming\\No7_mobile_app_software_develop\\DevEcoStudioProjects\\EndingProject\\BaiZhanKeep\\entry\\src\\main\\resources\\base\\media\\delete.svg","type":"file","isSymbolicLink":false,"fileMetaData":{"size":1653,"lastModifiedTime":1711958383450}},{"hashValue":"013dacdfbad73398fd95ccd92e3309c5","name":"dumbbell.png","path":"E:\\university\\programming\\No7_mobile_app_software_develop\\DevEcoStudioProjects\\EndingProject\\BaiZhanKeep\\entry\\src\\main\\resources\\base\\media\\dumbbell.png","type":"file","isSymbolicLink":false,"fileMetaData":{"size":8332,"lastModifiedTime":1713336795950}},{"hashValue":"eb8b40995234f9630a01773f8b1bd27d","name":"home_bg.png","path":"E:\\university\\programming\\No7_mobile_app_software_develop\\DevEcoStudioProjects\\EndingProject\\BaiZhanKeep\\entry\\src\\main\\resources\\base\\media\\home_bg.png","type":"file","isSymbolicLink":false,"fileMetaData":{"size":20062,"lastModifiedTime":1712114274147}},{"hashValue":"a0090906664932ddb2e1691fdfaa53de","name":"ic_badge_3_off.png","path":"E:\\university\\programming\\No7_mobile_app_software_develop\\DevEcoStudioProjects\\EndingProject\\BaiZhanKeep\\entry\\src\\main\\resources\\base\\media\\ic_badge_3_off.png","type":"file","isSymbolicLink":false,"fileMetaData":{"size":5789,"lastModifiedTime":1698043038000}},{"hashValue":"46337e920bee85939084db399969d4fa","name":"ic_badge_3_on.png","path":"E:\\university\\programming\\No7_mobile_app_software_develop\\DevEcoStudioProjects\\EndingProject\\BaiZhanKeep\\entry\\src\\main\\resources\\base\\media\\ic_badge_3_on.png","type":"file","isSymbolicLink":false,"fileMetaData":{"size":25637,"lastModifiedTime":1698043038000}},{"hashValue":"215bb69b78c869c4be60ac4fd0a04330","name":"ic_badge_30_off.png","path":"E:\\university\\programming\\No7_mobile_app_software_develop\\DevEcoStudioProjects\\EndingProject\\BaiZhanKeep\\entry\\src\\main\\resources\\base\\media\\ic_badge_30_off.png","type":"file","isSymbolicLink":false,"fileMetaData":{"size":6733,"lastModifiedTime":1698043038000}},{"hashValue":"d7287b0240f420e70f1f4d58c1c70d7e","name":"ic_badge_30_on.png","path":"E:\\university\\programming\\No7_mobile_app_software_develop\\DevEcoStudioProjects\\EndingProject\\BaiZhanKeep\\entry\\src\\main\\resources\\base\\media\\ic_badge_30_on.png","type":"file","isSymbolicLink":false,"fileMetaData":{"size":27374,"lastModifiedTime":1698043038000}},{"hashValue":"e21aba767ef71e4d3304433e516bf130","name":"ic_badge_50_off.png","path":"E:\\university\\programming\\No7_mobile_app_software_develop\\DevEcoStudioProjects\\EndingProject\\BaiZhanKeep\\entry\\src\\main\\resources\\base\\media\\ic_badge_50_off.png","type":"file","isSymbolicLink":false,"fileMetaData":{"size":6613,"lastModifiedTime":1698043038000}},{"hashValue":"1d016e784b081fd9424743a96005a0e8","name":"ic_badge_50_on.png","path":"E:\\university\\programming\\No7_mobile_app_software_develop\\DevEcoStudioProjects\\EndingProject\\BaiZhanKeep\\entry\\src\\main\\resources\\base\\media\\ic_badge_50_on.png","type":"file","isSymbolicLink":false,"fileMetaData":{"size":31810,"lastModifiedTime":1698043038000}},{"hashValue":"90d12fe1b4a7eba638769afd7162ab6e","name":"ic_badge_7_off.png","path":"E:\\university\\programming\\No7_mobile_app_software_develop\\DevEcoStudioProjects\\EndingProject\\BaiZhanKeep\\entry\\src\\main\\resources\\base\\media\\ic_badge_7_off.png","type":"file","isSymbolicLink":false,"fileMetaData":{"size":5419,"lastModifiedTime":1698043038000}},{"hashValue":"01dad75d47b4a52eb2eb67ff82722e65","name":"ic_badge_7_on.png","path":"E:\\university\\programming\\No7_mobile_app_software_develop\\DevEcoStudioProjects\\EndingProject\\BaiZhanKeep\\entry\\src\\main\\resources\\base\\media\\ic_badge_7_on.png","type":"file","isSymbolicLink":false,"fileMetaData":{"size":24670,"lastModifiedTime":1698043038000}},{"hashValue":"282851dec1214fe55479bf85f81f6f28","name":"ic_badge_73_off.png","path":"E:\\university\\programming\\No7_mobile_app_software_develop\\DevEcoStudioProjects\\EndingProject\\BaiZhanKeep\\entry\\src\\main\\resources\\base\\media\\ic_badge_73_off.png","type":"file","isSymbolicLink":false,"fileMetaData":{"size":6290,"lastModifiedTime":1698043038000}},{"hashValue":"344f28f27f7f92c4c4149e905a53276c","name":"ic_badge_73_on.png","path":"E:\\university\\programming\\No7_mobile_app_software_develop\\DevEcoStudioProjects\\EndingProject\\BaiZhanKeep\\entry\\src\\main\\resources\\base\\media\\ic_badge_73_on.png","type":"file","isSymbolicLink":false,"fileMetaData":{"size":32148,"lastModifiedTime":1698043038000}},{"hashValue":"9ef4487bd3f3b98806ad3589afc43582","name":"ic_badge_99_off.png","path":"E:\\university\\programming\\No7_mobile_app_software_develop\\DevEcoStudioProjects\\EndingProject\\BaiZhanKeep\\entry\\src\\main\\resources\\base\\media\\ic_badge_99_off.png","type":"file","isSymbolicLink":false,"fileMetaData":{"size":6520,"lastModifiedTime":1698043038000}},{"hashValue":"e9d0714bf8dce9d5705c98263119f3c5","name":"ic_badge_99_on.png","path":"E:\\university\\programming\\No7_mobile_app_software_develop\\DevEcoStudioProjects\\EndingProject\\BaiZhanKeep\\entry\\src\\main\\resources\\base\\media\\ic_badge_99_on.png","type":"file","isSymbolicLink":false,"fileMetaData":{"size":33835,"lastModifiedTime":1698043038000}},{"hashValue":"247dd025be0a1f8b10a890f364a1a361","name":"ic_home_add.png","path":"E:\\university\\programming\\No7_mobile_app_software_develop\\DevEcoStudioProjects\\EndingProject\\BaiZhanKeep\\entry\\src\\main\\resources\\base\\media\\ic_home_add.png","type":"file","isSymbolicLink":false,"fileMetaData":{"size":487,"lastModifiedTime":1698043038000}},{"hashValue":"00e2d8aeac333bfdfe09ff1d5c026b31","name":"ic_no_data.png","path":"E:\\university\\programming\\No7_mobile_app_software_develop\\DevEcoStudioProjects\\EndingProject\\BaiZhanKeep\\entry\\src\\main\\resources\\base\\media\\ic_no_data.png","type":"file","isSymbolicLink":false,"fileMetaData":{"size":21070,"lastModifiedTime":1698043038000}},{"hashValue":"07ba9ac139e40017833e7d11b8440cfc","name":"ic_right_grey.png","path":"E:\\university\\programming\\No7_mobile_app_software_develop\\DevEcoStudioProjects\\EndingProject\\BaiZhanKeep\\entry\\src\\main\\resources\\base\\media\\ic_right_grey.png","type":"file","isSymbolicLink":false,"fileMetaData":{"size":282,"lastModifiedTime":1698043038000}},{"hashValue":"6dc57f1673a2062461b4c1807c589569","name":"ic_tabs_achievement_normal.png","path":"E:\\university\\programming\\No7_mobile_app_software_develop\\DevEcoStudioProjects\\EndingProject\\BaiZhanKeep\\entry\\src\\main\\resources\\base\\media\\ic_tabs_achievement_normal.png","type":"file","isSymbolicLink":false,"fileMetaData":{"size":817,"lastModifiedTime":1698043038000}},{"hashValue":"b1b6cf9491a2fc38192e91755c0f114f","name":"ic_tabs_achievement_sel.png","path":"E:\\university\\programming\\No7_mobile_app_software_develop\\DevEcoStudioProjects\\EndingProject\\BaiZhanKeep\\entry\\src\\main\\resources\\base\\media\\ic_tabs_achievement_sel.png","type":"file","isSymbolicLink":false,"fileMetaData":{"size":721,"lastModifiedTime":1698043038000}},{"hashValue":"951e55a421f4e023ede2b43e98ab8499","name":"ic_tabs_home_normal.png","path":"E:\\university\\programming\\No7_mobile_app_software_develop\\DevEcoStudioProjects\\EndingProject\\BaiZhanKeep\\entry\\src\\main\\resources\\base\\media\\ic_tabs_home_normal.png","type":"file","isSymbolicLink":false,"fileMetaData":{"size":890,"lastModifiedTime":1698043038000}},{"hashValue":"002f5dab86a06be4bcf306823794965d","name":"ic_tabs_home_sel.png","path":"E:\\university\\programming\\No7_mobile_app_software_develop\\DevEcoStudioProjects\\EndingProject\\BaiZhanKeep\\entry\\src\\main\\resources\\base\\media\\ic_tabs_home_sel.png","type":"file","isSymbolicLink":false,"fileMetaData":{"size":746,"lastModifiedTime":1698043038000}},{"hashValue":"fe6bd845483ef1c257d6bde36b7d83c4","name":"ic_tabs_mine_normal.png","path":"E:\\university\\programming\\No7_mobile_app_software_develop\\DevEcoStudioProjects\\EndingProject\\BaiZhanKeep\\entry\\src\\main\\resources\\base\\media\\ic_tabs_mine_normal.png","type":"file","isSymbolicLink":false,"fileMetaData":{"size":942,"lastModifiedTime":1698043038000}},{"hashValue":"652c0921d0861732a2dfdd5ca72ff4f7","name":"ic_tabs_mine_sel.png","path":"E:\\university\\programming\\No7_mobile_app_software_develop\\DevEcoStudioProjects\\EndingProject\\BaiZhanKeep\\entry\\src\\main\\resources\\base\\media\\ic_tabs_mine_sel.png","type":"file","isSymbolicLink":false,"fileMetaData":{"size":895,"lastModifiedTime":1698043038000}},{"hashValue":"768aadeda5a1c75b20c15825bad9751a","name":"icon_user.png","path":"E:\\university\\programming\\No7_mobile_app_software_develop\\DevEcoStudioProjects\\EndingProject\\BaiZhanKeep\\entry\\src\\main\\resources\\base\\media\\icon_user.png","type":"file","isSymbolicLink":false,"fileMetaData":{"size":5342,"lastModifiedTime":1698043038000}},{"hashValue":"cf6ca648b31a942f0f15ea260fa1490f","name":"icon.png","path":"E:\\university\\programming\\No7_mobile_app_software_develop\\DevEcoStudioProjects\\EndingProject\\BaiZhanKeep\\entry\\src\\main\\resources\\base\\media\\icon.png","type":"file","isSymbolicLink":false,"fileMetaData":{"size":6790,"lastModifiedTime":1713147801950}},{"hashValue":"d8140a9066803b848aaa354c1a94faf6","name":"jog.png","path":"E:\\university\\programming\\No7_mobile_app_software_develop\\DevEcoStudioProjects\\EndingProject\\BaiZhanKeep\\entry\\src\\main\\resources\\base\\media\\jog.png","type":"file","isSymbolicLink":false,"fileMetaData":{"size":12870,"lastModifiedTime":1713336895730}},{"hashValue":"760a0a5e95c35a6e9b22a677c05b18a8","name":"logo.png","path":"E:\\university\\programming\\No7_mobile_app_software_develop\\DevEcoStudioProjects\\EndingProject\\BaiZhanKeep\\entry\\src\\main\\resources\\base\\media\\logo.png","type":"file","isSymbolicLink":false,"fileMetaData":{"size":24433,"lastModifiedTime":1713151451194}},{"hashValue":"14d945f341ade6ba703c088a154a7442","name":"push.png","path":"E:\\university\\programming\\No7_mobile_app_software_develop\\DevEcoStudioProjects\\EndingProject\\BaiZhanKeep\\entry\\src\\main\\resources\\base\\media\\push.png","type":"file","isSymbolicLink":false,"fileMetaData":{"size":10893,"lastModifiedTime":1713336867252}},{"hashValue":"e9a631bd85208b04e6e9a826a7f365cf","name":"skip.png","path":"E:\\university\\programming\\No7_mobile_app_software_develop\\DevEcoStudioProjects\\EndingProject\\BaiZhanKeep\\entry\\src\\main\\resources\\base\\media\\skip.png","type":"file","isSymbolicLink":false,"fileMetaData":{"size":8023,"lastModifiedTime":1713335840504}},{"hashValue":"7d48c5a8630cda0ca64ceebdd636d3a7","name":"spinner.svg","path":"E:\\university\\programming\\No7_mobile_app_software_develop\\DevEcoStudioProjects\\EndingProject\\BaiZhanKeep\\entry\\src\\main\\resources\\base\\media\\spinner.svg","type":"file","isSymbolicLink":false,"fileMetaData":{"size":988,"lastModifiedTime":1711958386327}},{"hashValue":"89a1fc908a4b3f6a6f73e289b30a76c4","name":"swim.png","path":"E:\\university\\programming\\No7_mobile_app_software_develop\\DevEcoStudioProjects\\EndingProject\\BaiZhanKeep\\entry\\src\\main\\resources\\base\\media\\swim.png","type":"file","isSymbolicLink":false,"fileMetaData":{"size":12259,"lastModifiedTime":1713336848734}},{"hashValue":"8f3159d6731bbffa2ebf9a08836d885e","name":"titlePhoto.png","path":"E:\\university\\programming\\No7_mobile_app_software_develop\\DevEcoStudioProjects\\EndingProject\\BaiZhanKeep\\entry\\src\\main\\resources\\base\\media\\titlePhoto.png","type":"file","isSymbolicLink":false,"fileMetaData":{"size":10631,"lastModifiedTime":1713148157741}},{"hashValue":"5688f20a33b46752a99fab4ecf425547","name":"welcomeBg.jpg","path":"E:\\university\\programming\\No7_mobile_app_software_develop\\DevEcoStudioProjects\\EndingProject\\BaiZhanKeep\\entry\\src\\main\\resources\\base\\media\\welcomeBg.jpg","type":"file","isSymbolicLink":false,"fileMetaData":{"size":47297,"lastModifiedTime":1713151574595}}]},{"hashValue":"f1db247d98304902c9489f8fbc98df8f","name":"profile","path":"E:\\university\\programming\\No7_mobile_app_software_develop\\DevEcoStudioProjects\\EndingProject\\BaiZhanKeep\\entry\\src\\main\\resources\\base\\profile","type":"directory","isSymbolicLink":false,"children":[{"hashValue":"16042ef68e2a0caf3af43debb6e177bf","name":"main_pages.json","path":"E:\\university\\programming\\No7_mobile_app_software_develop\\DevEcoStudioProjects\\EndingProject\\BaiZhanKeep\\entry\\src\\main\\resources\\base\\profile\\main_pages.json","type":"file","isSymbolicLink":false,"fileMetaData":{"size":91,"lastModifiedTime":1715410389335}}]}]},{"hashValue":"c0fac3e55423c18394ac2642f1b19e4c","name":"en_US","path":"E:\\university\\programming\\No7_mobile_app_software_develop\\DevEcoStudioProjects\\EndingProject\\BaiZhanKeep\\entry\\src\\main\\resources\\en_US","type":"directory","isSymbolicLink":false,"children":[{"hashValue":"beb43de7560240051d1319393408bf3f","name":"element","path":"E:\\university\\programming\\No7_mobile_app_software_develop\\DevEcoStudioProjects\\EndingProject\\BaiZhanKeep\\entry\\src\\main\\resources\\en_US\\element","type":"directory","isSymbolicLink":false,"children":[{"hashValue":"69bade3d275c3bfdb6da930f229a91df","name":"string.json","path":"E:\\university\\programming\\No7_mobile_app_software_develop\\DevEcoStudioProjects\\EndingProject\\BaiZhanKeep\\entry\\src\\main\\resources\\en_US\\element\\string.json","type":"file","isSymbolicLink":false,"fileMetaData":{"size":1819,"lastModifiedTime":1714458092968}}]}]},{"hashValue":"","name":"rawfile","path":"E:\\university\\programming\\No7_mobile_app_software_develop\\DevEcoStudioProjects\\EndingProject\\BaiZhanKeep\\entry\\src\\main\\resources\\rawfile","type":"directory","isSymbolicLink":false,"children":[]},{"hashValue":"f10b74e2f897fcd336ce2abf434ac656","name":"zh_CN","path":"E:\\university\\programming\\No7_mobile_app_software_develop\\DevEcoStudioProjects\\EndingProject\\BaiZhanKeep\\entry\\src\\main\\resources\\zh_CN","type":"directory","isSymbolicLink":false,"children":[{"hashValue":"053df59a269e52a87611a2d14acd793b","name":"element","path":"E:\\university\\programming\\No7_mobile_app_software_develop\\DevEcoStudioProjects\\EndingProject\\BaiZhanKeep\\entry\\src\\main\\resources\\zh_CN\\element","type":"directory","isSymbolicLink":false,"children":[{"hashValue":"2e6c9f25c264690b5d34e03ccd5502f6","name":"string.json","path":"E:\\university\\programming\\No7_mobile_app_software_develop\\DevEcoStudioProjects\\EndingProject\\BaiZhanKeep\\entry\\src\\main\\resources\\zh_CN\\element\\string.json","type":"file","isSymbolicLink":false,"fileMetaData":{"size":1662,"lastModifiedTime":1714458125589}}]}]}]},"E:\\university\\programming\\No7_mobile_app_software_develop\\DevEcoStudioProjects\\EndingProject\\BaiZhanKeep\\AppScope\\resources":{"hashValue":"8b872091820785ed1f1f8f49beec73b5","name":"resources","path":"E:\\university\\programming\\No7_mobile_app_software_develop\\DevEcoStudioProjects\\EndingProject\\BaiZhanKeep\\AppScope\\resources","type":"directory","isSymbolicLink":false,"children":[{"hashValue":"63a118b9ad6d64da8f2cbc1a1bebab93","name":"base","path":"E:\\university\\programming\\No7_mobile_app_software_develop\\DevEcoStudioProjects\\EndingProject\\BaiZhanKeep\\AppScope\\resources\\base","type":"directory","isSymbolicLink":false,"children":[{"hashValue":"b5b18005b43b2e647b05c85a00e37e43","name":"element","path":"E:\\university\\programming\\No7_mobile_app_software_develop\\DevEcoStudioProjects\\EndingProject\\BaiZhanKeep\\AppScope\\resources\\base\\element","type":"directory","isSymbolicLink":false,"children":[{"hashValue":"01e9dd96e11a771857cbae1eb6dc1a8d","name":"string.json","path":"E:\\university\\programming\\No7_mobile_app_software_develop\\DevEcoStudioProjects\\EndingProject\\BaiZhanKeep\\AppScope\\resources\\base\\element\\string.json","type":"file","isSymbolicLink":false,"fileMetaData":{"size":98,"lastModifiedTime":1715048329110}}]},{"hashValue":"0433b494db82f7add25175753be614a4","name":"media","path":"E:\\university\\programming\\No7_mobile_app_software_develop\\DevEcoStudioProjects\\EndingProject\\BaiZhanKeep\\AppScope\\resources\\base\\media","type":"directory","isSymbolicLink":false,"children":[{"hashValue":"760a0a5e95c35a6e9b22a677c05b18a8","name":"logo.png","path":"E:\\university\\programming\\No7_mobile_app_software_develop\\DevEcoStudioProjects\\EndingProject\\BaiZhanKeep\\AppScope\\resources\\base\\media\\logo.png","type":"file","isSymbolicLink":false,"fileMetaData":{"size":24433,"lastModifiedTime":1713151451194}}]}]}]},"E:\\university\\programming\\No7_mobile_app_software_develop\\DevEcoStudioProjects\\EndingProject\\BaiZhanKeep\\entry\\build\\default\\intermediates\\res\\default":{"hashValue":"66f306b702bb03964604f2306518dc64","name":"default","path":"E:\\university\\programming\\No7_mobile_app_software_develop\\DevEcoStudioProjects\\EndingProject\\BaiZhanKeep\\entry\\build\\default\\intermediates\\res\\default","type":"directory","isSymbolicLink":false,"children":[{"hashValue":"e4bcf538d9ec62d36830aaf4bfde5d46","name":"ids_map","path":"E:\\university\\programming\\No7_mobile_app_software_develop\\DevEcoStudioProjects\\EndingProject\\BaiZhanKeep\\entry\\build\\default\\intermediates\\res\\default\\ids_map","type":"directory","isSymbolicLink":false,"children":[{"hashValue":"e35ee893d9038e14253e67d257fa0577","name":"id_defined.json","path":"E:\\university\\programming\\No7_mobile_app_software_develop\\DevEcoStudioProjects\\EndingProject\\BaiZhanKeep\\entry\\build\\default\\intermediates\\res\\default\\ids_map\\id_defined.json","type":"file","isSymbolicLink":false,"fileMetaData":{"size":5147,"lastModifiedTime":1733298072069}}]},{"hashValue":"a1ee5d31e17910df6fe789d19417d0bd","name":"module.json","path":"E:\\university\\programming\\No7_mobile_app_software_develop\\DevEcoStudioProjects\\EndingProject\\BaiZhanKeep\\entry\\build\\default\\intermediates\\res\\default\\module.json","type":"file","isSymbolicLink":false,"fileMetaData":{"size":1468,"lastModifiedTime":1733298072067}},{"hashValue":"c9886afc58f36cdec22b499edcc27ebf","name":"resConfig.json","path":"E:\\university\\programming\\No7_mobile_app_software_develop\\DevEcoStudioProjects\\EndingProject\\BaiZhanKeep\\entry\\build\\default\\intermediates\\res\\default\\resConfig.json","type":"file","isSymbolicLink":false,"fileMetaData":{"size":1476,"lastModifiedTime":1733298071891}},{"hashValue":"826ddd8d5993bf14c33cfcebe149d39d","name":"resources","path":"E:\\university\\programming\\No7_mobile_app_software_develop\\DevEcoStudioProjects\\EndingProject\\BaiZhanKeep\\entry\\build\\default\\intermediates\\res\\default\\resources","type":"directory","isSymbolicLink":false,"children":[{"hashValue":"1348d3b08b4d861cace2a1acf24e5123","name":"base","path":"E:\\university\\programming\\No7_mobile_app_software_develop\\DevEcoStudioProjects\\EndingProject\\BaiZhanKeep\\entry\\build\\default\\intermediates\\res\\default\\resources\\base","type":"directory","isSymbolicLink":false,"children":[{"hashValue":"6a36d644490e2c69b8fd4e4993a80073","name":"media","path":"E:\\university\\programming\\No7_mobile_app_software_develop\\DevEcoStudioProjects\\EndingProject\\BaiZhanKeep\\entry\\build\\default\\intermediates\\res\\default\\resources\\base\\media","type":"directory","isSymbolicLink":false,"children":[{"hashValue":"e6515903cb91afbdf15aa8f7ac220db8","name":"add_norm_filled.svg","path":"E:\\university\\programming\\No7_mobile_app_software_develop\\DevEcoStudioProjects\\EndingProject\\BaiZhanKeep\\entry\\build\\default\\intermediates\\res\\default\\resources\\base\\media\\add_norm_filled.svg","type":"file","isSymbolicLink":false,"fileMetaData":{"size":1277,"lastModifiedTime":1711958382780}},{"hashValue":"0109d5fb3d2216cfc7ca1e13af4f34b1","name":"arrow_down.svg","path":"E:\\university\\programming\\No7_mobile_app_software_develop\\DevEcoStudioProjects\\EndingProject\\BaiZhanKeep\\entry\\build\\default\\intermediates\\res\\default\\resources\\base\\media\\arrow_down.svg","type":"file","isSymbolicLink":false,"fileMetaData":{"size":1328,"lastModifiedTime":1711958383397}},{"hashValue":"3f0805c6214bd0fad96f10613d4db465","name":"back.png","path":"E:\\university\\programming\\No7_mobile_app_software_develop\\DevEcoStudioProjects\\EndingProject\\BaiZhanKeep\\entry\\build\\default\\intermediates\\res\\default\\resources\\base\\media\\back.png","type":"file","isSymbolicLink":false,"fileMetaData":{"size":312,"lastModifiedTime":1711958383353}},{"hashValue":"c23c5c8bd2fbbd79c31be5e4eeb3875d","name":"barbell.png","path":"E:\\university\\programming\\No7_mobile_app_software_develop\\DevEcoStudioProjects\\EndingProject\\BaiZhanKeep\\entry\\build\\default\\intermediates\\res\\default\\resources\\base\\media\\barbell.png","type":"file","isSymbolicLink":false,"fileMetaData":{"size":8892,"lastModifiedTime":1713336755135}},{"hashValue":"fd6269b5792ddfb722705f3d7ebb9ad3","name":"bike.png","path":"E:\\university\\programming\\No7_mobile_app_software_develop\\DevEcoStudioProjects\\EndingProject\\BaiZhanKeep\\entry\\build\\default\\intermediates\\res\\default\\resources\\base\\media\\bike.png","type":"file","isSymbolicLink":false,"fileMetaData":{"size":11710,"lastModifiedTime":1713336826208}},{"hashValue":"d9b60929b934299b30b6e161f5b5ac61","name":"delete.svg","path":"E:\\university\\programming\\No7_mobile_app_software_develop\\DevEcoStudioProjects\\EndingProject\\BaiZhanKeep\\entry\\build\\default\\intermediates\\res\\default\\resources\\base\\media\\delete.svg","type":"file","isSymbolicLink":false,"fileMetaData":{"size":1653,"lastModifiedTime":1711958383450}},{"hashValue":"013dacdfbad73398fd95ccd92e3309c5","name":"dumbbell.png","path":"E:\\university\\programming\\No7_mobile_app_software_develop\\DevEcoStudioProjects\\EndingProject\\BaiZhanKeep\\entry\\build\\default\\intermediates\\res\\default\\resources\\base\\media\\dumbbell.png","type":"file","isSymbolicLink":false,"fileMetaData":{"size":8332,"lastModifiedTime":1713336795950}},{"hashValue":"eb8b40995234f9630a01773f8b1bd27d","name":"home_bg.png","path":"E:\\university\\programming\\No7_mobile_app_software_develop\\DevEcoStudioProjects\\EndingProject\\BaiZhanKeep\\entry\\build\\default\\intermediates\\res\\default\\resources\\base\\media\\home_bg.png","type":"file","isSymbolicLink":false,"fileMetaData":{"size":20062,"lastModifiedTime":1712114274147}},{"hashValue":"a0090906664932ddb2e1691fdfaa53de","name":"ic_badge_3_off.png","path":"E:\\university\\programming\\No7_mobile_app_software_develop\\DevEcoStudioProjects\\EndingProject\\BaiZhanKeep\\entry\\build\\default\\intermediates\\res\\default\\resources\\base\\media\\ic_badge_3_off.png","type":"file","isSymbolicLink":false,"fileMetaData":{"size":5789,"lastModifiedTime":1698043038000}},{"hashValue":"46337e920bee85939084db399969d4fa","name":"ic_badge_3_on.png","path":"E:\\university\\programming\\No7_mobile_app_software_develop\\DevEcoStudioProjects\\EndingProject\\BaiZhanKeep\\entry\\build\\default\\intermediates\\res\\default\\resources\\base\\media\\ic_badge_3_on.png","type":"file","isSymbolicLink":false,"fileMetaData":{"size":25637,"lastModifiedTime":1698043038000}},{"hashValue":"215bb69b78c869c4be60ac4fd0a04330","name":"ic_badge_30_off.png","path":"E:\\university\\programming\\No7_mobile_app_software_develop\\DevEcoStudioProjects\\EndingProject\\BaiZhanKeep\\entry\\build\\default\\intermediates\\res\\default\\resources\\base\\media\\ic_badge_30_off.png","type":"file","isSymbolicLink":false,"fileMetaData":{"size":6733,"lastModifiedTime":1698043038000}},{"hashValue":"d7287b0240f420e70f1f4d58c1c70d7e","name":"ic_badge_30_on.png","path":"E:\\university\\programming\\No7_mobile_app_software_develop\\DevEcoStudioProjects\\EndingProject\\BaiZhanKeep\\entry\\build\\default\\intermediates\\res\\default\\resources\\base\\media\\ic_badge_30_on.png","type":"file","isSymbolicLink":false,"fileMetaData":{"size":27374,"lastModifiedTime":1698043038000}},{"hashValue":"e21aba767ef71e4d3304433e516bf130","name":"ic_badge_50_off.png","path":"E:\\university\\programming\\No7_mobile_app_software_develop\\DevEcoStudioProjects\\EndingProject\\BaiZhanKeep\\entry\\build\\default\\intermediates\\res\\default\\resources\\base\\media\\ic_badge_50_off.png","type":"file","isSymbolicLink":false,"fileMetaData":{"size":6613,"lastModifiedTime":1698043038000}},{"hashValue":"1d016e784b081fd9424743a96005a0e8","name":"ic_badge_50_on.png","path":"E:\\university\\programming\\No7_mobile_app_software_develop\\DevEcoStudioProjects\\EndingProject\\BaiZhanKeep\\entry\\build\\default\\intermediates\\res\\default\\resources\\base\\media\\ic_badge_50_on.png","type":"file","isSymbolicLink":false,"fileMetaData":{"size":31810,"lastModifiedTime":1698043038000}},{"hashValue":"90d12fe1b4a7eba638769afd7162ab6e","name":"ic_badge_7_off.png","path":"E:\\university\\programming\\No7_mobile_app_software_develop\\DevEcoStudioProjects\\EndingProject\\BaiZhanKeep\\entry\\build\\default\\intermediates\\res\\default\\resources\\base\\media\\ic_badge_7_off.png","type":"file","isSymbolicLink":false,"fileMetaData":{"size":5419,"lastModifiedTime":1698043038000}},{"hashValue":"01dad75d47b4a52eb2eb67ff82722e65","name":"ic_badge_7_on.png","path":"E:\\university\\programming\\No7_mobile_app_software_develop\\DevEcoStudioProjects\\EndingProject\\BaiZhanKeep\\entry\\build\\default\\intermediates\\res\\default\\resources\\base\\media\\ic_badge_7_on.png","type":"file","isSymbolicLink":false,"fileMetaData":{"size":24670,"lastModifiedTime":1698043038000}},{"hashValue":"282851dec1214fe55479bf85f81f6f28","name":"ic_badge_73_off.png","path":"E:\\university\\programming\\No7_mobile_app_software_develop\\DevEcoStudioProjects\\EndingProject\\BaiZhanKeep\\entry\\build\\default\\intermediates\\res\\default\\resources\\base\\media\\ic_badge_73_off.png","type":"file","isSymbolicLink":false,"fileMetaData":{"size":6290,"lastModifiedTime":1698043038000}},{"hashValue":"344f28f27f7f92c4c4149e905a53276c","name":"ic_badge_73_on.png","path":"E:\\university\\programming\\No7_mobile_app_software_develop\\DevEcoStudioProjects\\EndingProject\\BaiZhanKeep\\entry\\build\\default\\intermediates\\res\\default\\resources\\base\\media\\ic_badge_73_on.png","type":"file","isSymbolicLink":false,"fileMetaData":{"size":32148,"lastModifiedTime":1698043038000}},{"hashValue":"9ef4487bd3f3b98806ad3589afc43582","name":"ic_badge_99_off.png","path":"E:\\university\\programming\\No7_mobile_app_software_develop\\DevEcoStudioProjects\\EndingProject\\BaiZhanKeep\\entry\\build\\default\\intermediates\\res\\default\\resources\\base\\media\\ic_badge_99_off.png","type":"file","isSymbolicLink":false,"fileMetaData":{"size":6520,"lastModifiedTime":1698043038000}},{"hashValue":"e9d0714bf8dce9d5705c98263119f3c5","name":"ic_badge_99_on.png","path":"E:\\university\\programming\\No7_mobile_app_software_develop\\DevEcoStudioProjects\\EndingProject\\BaiZhanKeep\\entry\\build\\default\\intermediates\\res\\default\\resources\\base\\media\\ic_badge_99_on.png","type":"file","isSymbolicLink":false,"fileMetaData":{"size":33835,"lastModifiedTime":1698043038000}},{"hashValue":"247dd025be0a1f8b10a890f364a1a361","name":"ic_home_add.png","path":"E:\\university\\programming\\No7_mobile_app_software_develop\\DevEcoStudioProjects\\EndingProject\\BaiZhanKeep\\entry\\build\\default\\intermediates\\res\\default\\resources\\base\\media\\ic_home_add.png","type":"file","isSymbolicLink":false,"fileMetaData":{"size":487,"lastModifiedTime":1698043038000}},{"hashValue":"00e2d8aeac333bfdfe09ff1d5c026b31","name":"ic_no_data.png","path":"E:\\university\\programming\\No7_mobile_app_software_develop\\DevEcoStudioProjects\\EndingProject\\BaiZhanKeep\\entry\\build\\default\\intermediates\\res\\default\\resources\\base\\media\\ic_no_data.png","type":"file","isSymbolicLink":false,"fileMetaData":{"size":21070,"lastModifiedTime":1698043038000}},{"hashValue":"07ba9ac139e40017833e7d11b8440cfc","name":"ic_right_grey.png","path":"E:\\university\\programming\\No7_mobile_app_software_develop\\DevEcoStudioProjects\\EndingProject\\BaiZhanKeep\\entry\\build\\default\\intermediates\\res\\default\\resources\\base\\media\\ic_right_grey.png","type":"file","isSymbolicLink":false,"fileMetaData":{"size":282,"lastModifiedTime":1698043038000}},{"hashValue":"6dc57f1673a2062461b4c1807c589569","name":"ic_tabs_achievement_normal.png","path":"E:\\university\\programming\\No7_mobile_app_software_develop\\DevEcoStudioProjects\\EndingProject\\BaiZhanKeep\\entry\\build\\default\\intermediates\\res\\default\\resources\\base\\media\\ic_tabs_achievement_normal.png","type":"file","isSymbolicLink":false,"fileMetaData":{"size":817,"lastModifiedTime":1698043038000}},{"hashValue":"b1b6cf9491a2fc38192e91755c0f114f","name":"ic_tabs_achievement_sel.png","path":"E:\\university\\programming\\No7_mobile_app_software_develop\\DevEcoStudioProjects\\EndingProject\\BaiZhanKeep\\entry\\build\\default\\intermediates\\res\\default\\resources\\base\\media\\ic_tabs_achievement_sel.png","type":"file","isSymbolicLink":false,"fileMetaData":{"size":721,"lastModifiedTime":1698043038000}},{"hashValue":"951e55a421f4e023ede2b43e98ab8499","name":"ic_tabs_home_normal.png","path":"E:\\university\\programming\\No7_mobile_app_software_develop\\DevEcoStudioProjects\\EndingProject\\BaiZhanKeep\\entry\\build\\default\\intermediates\\res\\default\\resources\\base\\media\\ic_tabs_home_normal.png","type":"file","isSymbolicLink":false,"fileMetaData":{"size":890,"lastModifiedTime":1698043038000}},{"hashValue":"002f5dab86a06be4bcf306823794965d","name":"ic_tabs_home_sel.png","path":"E:\\university\\programming\\No7_mobile_app_software_develop\\DevEcoStudioProjects\\EndingProject\\BaiZhanKeep\\entry\\build\\default\\intermediates\\res\\default\\resources\\base\\media\\ic_tabs_home_sel.png","type":"file","isSymbolicLink":false,"fileMetaData":{"size":746,"lastModifiedTime":1698043038000}},{"hashValue":"fe6bd845483ef1c257d6bde36b7d83c4","name":"ic_tabs_mine_normal.png","path":"E:\\university\\programming\\No7_mobile_app_software_develop\\DevEcoStudioProjects\\EndingProject\\BaiZhanKeep\\entry\\build\\default\\intermediates\\res\\default\\resources\\base\\media\\ic_tabs_mine_normal.png","type":"file","isSymbolicLink":false,"fileMetaData":{"size":942,"lastModifiedTime":1698043038000}},{"hashValue":"652c0921d0861732a2dfdd5ca72ff4f7","name":"ic_tabs_mine_sel.png","path":"E:\\university\\programming\\No7_mobile_app_software_develop\\DevEcoStudioProjects\\EndingProject\\BaiZhanKeep\\entry\\build\\default\\intermediates\\res\\default\\resources\\base\\media\\ic_tabs_mine_sel.png","type":"file","isSymbolicLink":false,"fileMetaData":{"size":895,"lastModifiedTime":1698043038000}},{"hashValue":"768aadeda5a1c75b20c15825bad9751a","name":"icon_user.png","path":"E:\\university\\programming\\No7_mobile_app_software_develop\\DevEcoStudioProjects\\EndingProject\\BaiZhanKeep\\entry\\build\\default\\intermediates\\res\\default\\resources\\base\\media\\icon_user.png","type":"file","isSymbolicLink":false,"fileMetaData":{"size":5342,"lastModifiedTime":1698043038000}},{"hashValue":"cf6ca648b31a942f0f15ea260fa1490f","name":"icon.png","path":"E:\\university\\programming\\No7_mobile_app_software_develop\\DevEcoStudioProjects\\EndingProject\\BaiZhanKeep\\entry\\build\\default\\intermediates\\res\\default\\resources\\base\\media\\icon.png","type":"file","isSymbolicLink":false,"fileMetaData":{"size":6790,"lastModifiedTime":1713147801950}},{"hashValue":"d8140a9066803b848aaa354c1a94faf6","name":"jog.png","path":"E:\\university\\programming\\No7_mobile_app_software_develop\\DevEcoStudioProjects\\EndingProject\\BaiZhanKeep\\entry\\build\\default\\intermediates\\res\\default\\resources\\base\\media\\jog.png","type":"file","isSymbolicLink":false,"fileMetaData":{"size":12870,"lastModifiedTime":1713336895730}},{"hashValue":"760a0a5e95c35a6e9b22a677c05b18a8","name":"logo.png","path":"E:\\university\\programming\\No7_mobile_app_software_develop\\DevEcoStudioProjects\\EndingProject\\BaiZhanKeep\\entry\\build\\default\\intermediates\\res\\default\\resources\\base\\media\\logo.png","type":"file","isSymbolicLink":false,"fileMetaData":{"size":24433,"lastModifiedTime":1713151451194}},{"hashValue":"14d945f341ade6ba703c088a154a7442","name":"push.png","path":"E:\\university\\programming\\No7_mobile_app_software_develop\\DevEcoStudioProjects\\EndingProject\\BaiZhanKeep\\entry\\build\\default\\intermediates\\res\\default\\resources\\base\\media\\push.png","type":"file","isSymbolicLink":false,"fileMetaData":{"size":10893,"lastModifiedTime":1713336867252}},{"hashValue":"e9a631bd85208b04e6e9a826a7f365cf","name":"skip.png","path":"E:\\university\\programming\\No7_mobile_app_software_develop\\DevEcoStudioProjects\\EndingProject\\BaiZhanKeep\\entry\\build\\default\\intermediates\\res\\default\\resources\\base\\media\\skip.png","type":"file","isSymbolicLink":false,"fileMetaData":{"size":8023,"lastModifiedTime":1713335840504}},{"hashValue":"7d48c5a8630cda0ca64ceebdd636d3a7","name":"spinner.svg","path":"E:\\university\\programming\\No7_mobile_app_software_develop\\DevEcoStudioProjects\\EndingProject\\BaiZhanKeep\\entry\\build\\default\\intermediates\\res\\default\\resources\\base\\media\\spinner.svg","type":"file","isSymbolicLink":false,"fileMetaData":{"size":988,"lastModifiedTime":1711958386327}},{"hashValue":"89a1fc908a4b3f6a6f73e289b30a76c4","name":"swim.png","path":"E:\\university\\programming\\No7_mobile_app_software_develop\\DevEcoStudioProjects\\EndingProject\\BaiZhanKeep\\entry\\build\\default\\intermediates\\res\\default\\resources\\base\\media\\swim.png","type":"file","isSymbolicLink":false,"fileMetaData":{"size":12259,"lastModifiedTime":1713336848734}},{"hashValue":"8f3159d6731bbffa2ebf9a08836d885e","name":"titlePhoto.png","path":"E:\\university\\programming\\No7_mobile_app_software_develop\\DevEcoStudioProjects\\EndingProject\\BaiZhanKeep\\entry\\build\\default\\intermediates\\res\\default\\resources\\base\\media\\titlePhoto.png","type":"file","isSymbolicLink":false,"fileMetaData":{"size":10631,"lastModifiedTime":1713148157741}},{"hashValue":"5688f20a33b46752a99fab4ecf425547","name":"welcomeBg.jpg","path":"E:\\university\\programming\\No7_mobile_app_software_develop\\DevEcoStudioProjects\\EndingProject\\BaiZhanKeep\\entry\\build\\default\\intermediates\\res\\default\\resources\\base\\media\\welcomeBg.jpg","type":"file","isSymbolicLink":false,"fileMetaData":{"size":47297,"lastModifiedTime":1713151574595}}]},{"hashValue":"f1db247d98304902c9489f8fbc98df8f","name":"profile","path":"E:\\university\\programming\\No7_mobile_app_software_develop\\DevEcoStudioProjects\\EndingProject\\BaiZhanKeep\\entry\\build\\default\\intermediates\\res\\default\\resources\\base\\profile","type":"directory","isSymbolicLink":false,"children":[{"hashValue":"16042ef68e2a0caf3af43debb6e177bf","name":"main_pages.json","path":"E:\\university\\programming\\No7_mobile_app_software_develop\\DevEcoStudioProjects\\EndingProject\\BaiZhanKeep\\entry\\build\\default\\intermediates\\res\\default\\resources\\base\\profile\\main_pages.json","type":"file","isSymbolicLink":false,"fileMetaData":{"size":91,"lastModifiedTime":1715410389335}}]}]},{"hashValue":"","name":"rawfile","path":"E:\\university\\programming\\No7_mobile_app_software_develop\\DevEcoStudioProjects\\EndingProject\\BaiZhanKeep\\entry\\build\\default\\intermediates\\res\\default\\resources\\rawfile","type":"directory","isSymbolicLink":false,"children":[]}]},{"hashValue":"7e9ab93acaefa8ad68029110ecf8b2a1","name":"resources.index","path":"E:\\university\\programming\\No7_mobile_app_software_develop\\DevEcoStudioProjects\\EndingProject\\BaiZhanKeep\\entry\\build\\default\\intermediates\\res\\default\\resources.index","type":"file","isSymbolicLink":false,"fileMetaData":{"size":8031,"lastModifiedTime":1733298072069}},{"hashValue":"c1f22328834c45206bd00d4dea72151d","name":"ResourceTable.txt","path":"E:\\university\\programming\\No7_mobile_app_software_develop\\DevEcoStudioProjects\\EndingProject\\BaiZhanKeep\\entry\\build\\default\\intermediates\\res\\default\\ResourceTable.txt","type":"file","isSymbolicLink":false,"fileMetaData":{"size":2049,"lastModifiedTime":1733298072066}}]},"E:\\university\\programming\\No7_mobile_app_software_develop\\DevEcoStudioProjects\\EndingProject\\BaiZhanKeep\\entry\\build\\default\\generated\\r\\default\\ResourceTable.h":{"hashValue":"c5f51ec42fa9a0ff84dd9ac678e5b569","name":"ResourceTable.h","path":"E:\\university\\programming\\No7_mobile_app_software_develop\\DevEcoStudioProjects\\EndingProject\\BaiZhanKeep\\entry\\build\\default\\generated\\r\\default\\ResourceTable.h","type":"file","isSymbolicLink":false,"fileMetaData":{"size":3894,"lastModifiedTime":1733298072066}},"E:\\university\\programming\\No7_mobile_app_software_develop\\DevEcoStudioProjects\\EndingProject\\BaiZhanKeep\\entry\\build\\default\\generated\\r\\default":{"hashValue":"428cf0c1143f0b124d8dc0a38564308d","name":"default","path":"E:\\university\\programming\\No7_mobile_app_software_develop\\DevEcoStudioProjects\\EndingProject\\BaiZhanKeep\\entry\\build\\default\\generated\\r\\default","type":"directory","isSymbolicLink":false,"children":[{"hashValue":"c5f51ec42fa9a0ff84dd9ac678e5b569","name":"ResourceTable.h","path":"E:\\university\\programming\\No7_mobile_app_software_develop\\DevEcoStudioProjects\\EndingProject\\BaiZhanKeep\\entry\\build\\default\\generated\\r\\default\\ResourceTable.h","type":"file","isSymbolicLink":false,"fileMetaData":{"size":3894,"lastModifiedTime":1733298072066}}]},"E:\\university\\programming\\No7_mobile_app_software_develop\\DevEcoStudioProjects\\EndingProject\\BaiZhanKeep\\entry\\build\\default\\intermediates\\loader\\default":{"hashValue":"ad4379e75f5ba66722881416d546ad0c","name":"default","path":"E:\\university\\programming\\No7_mobile_app_software_develop\\DevEcoStudioProjects\\EndingProject\\BaiZhanKeep\\entry\\build\\default\\intermediates\\loader\\default","type":"directory","isSymbolicLink":false,"children":[{"hashValue":"48ab1892a66d439426c2404e3b688626","name":"loader.json","path":"E:\\university\\programming\\No7_mobile_app_software_develop\\DevEcoStudioProjects\\EndingProject\\BaiZhanKeep\\entry\\build\\default\\intermediates\\loader\\default\\loader.json","type":"file","isSymbolicLink":false,"fileMetaData":{"size":1279,"lastModifiedTime":1733298071911}}]},"E:\\university\\programming\\No7_mobile_app_software_develop\\DevEcoStudioProjects\\EndingProject\\BaiZhanKeep\\entry\\build\\default\\intermediates\\res\\default\\resources\\rawfile":{"hashValue":"","name":"rawfile","path":"E:\\university\\programming\\No7_mobile_app_software_develop\\DevEcoStudioProjects\\EndingProject\\BaiZhanKeep\\entry\\build\\default\\intermediates\\res\\default\\resources\\rawfile","type":"directory","isSymbolicLink":false,"children":[]},"E:\\university\\programming\\No7_mobile_app_software_develop\\DevEcoStudioProjects\\EndingProject\\BaiZhanKeep\\entry\\build\\default\\intermediates\\res\\default\\ResourceTable.txt":{"hashValue":"c1f22328834c45206bd00d4dea72151d","name":"ResourceTable.txt","path":"E:\\university\\programming\\No7_mobile_app_software_develop\\DevEcoStudioProjects\\EndingProject\\BaiZhanKeep\\entry\\build\\default\\intermediates\\res\\default\\ResourceTable.txt","type":"file","isSymbolicLink":false,"fileMetaData":{"size":2049,"lastModifiedTime":1733298072066}},"E:\\university\\programming\\No7_mobile_app_software_develop\\DevEcoStudioProjects\\EndingProject\\BaiZhanKeep\\entry\\build\\default\\intermediates\\res\\default\\module.json":{"hashValue":"a1ee5d31e17910df6fe789d19417d0bd","name":"module.json","path":"E:\\university\\programming\\No7_mobile_app_software_develop\\DevEcoStudioProjects\\EndingProject\\BaiZhanKeep\\entry\\build\\default\\intermediates\\res\\default\\module.json","type":"file","isSymbolicLink":false,"fileMetaData":{"size":1468,"lastModifiedTime":1733298072067}},"E:\\university\\programming\\No7_mobile_app_software_develop\\DevEcoStudioProjects\\EndingProject\\BaiZhanKeep\\entry\\build\\default\\intermediates\\res\\default\\resources\\base\\profile":{"hashValue":"f1db247d98304902c9489f8fbc98df8f","name":"profile","path":"E:\\university\\programming\\No7_mobile_app_software_develop\\DevEcoStudioProjects\\EndingProject\\BaiZhanKeep\\entry\\build\\default\\intermediates\\res\\default\\resources\\base\\profile","type":"directory","isSymbolicLink":false,"children":[{"hashValue":"16042ef68e2a0caf3af43debb6e177bf","name":"main_pages.json","path":"E:\\university\\programming\\No7_mobile_app_software_develop\\DevEcoStudioProjects\\EndingProject\\BaiZhanKeep\\entry\\build\\default\\intermediates\\res\\default\\resources\\base\\profile\\main_pages.json","type":"file","isSymbolicLink":false,"fileMetaData":{"size":91,"lastModifiedTime":1715410389335}}]},"E:\\university\\programming\\No7_mobile_app_software_develop\\DevEcoStudioProjects\\EndingProject\\BaiZhanKeep\\entry\\src\\main\\ets":{"hashValue":"297a2d4d89e678a29aae0140ad24c9d2","name":"ets","path":"E:\\university\\programming\\No7_mobile_app_software_develop\\DevEcoStudioProjects\\EndingProject\\BaiZhanKeep\\entry\\src\\main\\ets","type":"directory","isSymbolicLink":false,"children":[{"hashValue":"cd2dba00dd07a2e4d01ba335bebe6b00","name":"common","path":"E:\\university\\programming\\No7_mobile_app_software_develop\\DevEcoStudioProjects\\EndingProject\\BaiZhanKeep\\entry\\src\\main\\ets\\common","type":"directory","isSymbolicLink":false,"children":[{"hashValue":"1ee1a07d14ed04f22a63cb219719df7c","name":"table","path":"E:\\university\\programming\\No7_mobile_app_software_develop\\DevEcoStudioProjects\\EndingProject\\BaiZhanKeep\\entry\\src\\main\\ets\\common\\table","type":"directory","isSymbolicLink":false,"children":[{"hashValue":"845dcdd9e259ca4ee8f3b63d7c19b6b1","name":"RecordPO.ets","path":"E:\\university\\programming\\No7_mobile_app_software_develop\\DevEcoStudioProjects\\EndingProject\\BaiZhanKeep\\entry\\src\\main\\ets\\common\\table\\RecordPO.ets","type":"file","isSymbolicLink":false,"fileMetaData":{"size":254,"lastModifiedTime":1733320849401}}]}]},{"hashValue":"eb28d4f5aef94d54aa0b599af7cadf9f","name":"dialog","path":"E:\\university\\programming\\No7_mobile_app_software_develop\\DevEcoStudioProjects\\EndingProject\\BaiZhanKeep\\entry\\src\\main\\ets\\dialog","type":"directory","isSymbolicLink":false,"children":[{"hashValue":"e2a5b41996c0842e35f24676e45ab2c1","name":"DateDialog.ets","path":"E:\\university\\programming\\No7_mobile_app_software_develop\\DevEcoStudioProjects\\EndingProject\\BaiZhanKeep\\entry\\src\\main\\ets\\dialog\\DateDialog.ets","type":"file","isSymbolicLink":false,"fileMetaData":{"size":1301,"lastModifiedTime":1733298667085}},{"hashValue":"487058a84201ad43a6d7e0d9a4cf8d82","name":"TaskAddDialog.ets","path":"E:\\university\\programming\\No7_mobile_app_software_develop\\DevEcoStudioProjects\\EndingProject\\BaiZhanKeep\\entry\\src\\main\\ets\\dialog\\TaskAddDialog.ets","type":"file","isSymbolicLink":false,"fileMetaData":{"size":5362,"lastModifiedTime":1733298132311}},{"hashValue":"a44913af7d7257ce50d9072cb8885d2b","name":"UserPrivacyDialog.ets","path":"E:\\university\\programming\\No7_mobile_app_software_develop\\DevEcoStudioProjects\\EndingProject\\BaiZhanKeep\\entry\\src\\main\\ets\\dialog\\UserPrivacyDialog.ets","type":"file","isSymbolicLink":false,"fileMetaData":{"size":1417,"lastModifiedTime":1715050527565}}]},{"hashValue":"c4821bd919bc02aa12f68d1cf504d8ce","name":"entryability","path":"E:\\university\\programming\\No7_mobile_app_software_develop\\DevEcoStudioProjects\\EndingProject\\BaiZhanKeep\\entry\\src\\main\\ets\\entryability","type":"directory","isSymbolicLink":false,"children":[{"hashValue":"4a5ec77aaab36eca8808a27a67057792","name":"EntryAbility.ets","path":"E:\\university\\programming\\No7_mobile_app_software_develop\\DevEcoStudioProjects\\EndingProject\\BaiZhanKeep\\entry\\src\\main\\ets\\entryability\\EntryAbility.ets","type":"file","isSymbolicLink":false,"fileMetaData":{"size":2237,"lastModifiedTime":1733359763292}}]},{"hashValue":"8809a70b3b41d7f2cebdc6ae13b45f24","name":"model","path":"E:\\university\\programming\\No7_mobile_app_software_develop\\DevEcoStudioProjects\\EndingProject\\BaiZhanKeep\\entry\\src\\main\\ets\\model","type":"directory","isSymbolicLink":false,"children":[{"hashValue":"cbb7373be459f7e75940358040982942","name":"RecordItemModel.ets","path":"E:\\university\\programming\\No7_mobile_app_software_develop\\DevEcoStudioProjects\\EndingProject\\BaiZhanKeep\\entry\\src\\main\\ets\\model\\RecordItemModel.ets","type":"file","isSymbolicLink":false,"fileMetaData":{"size":785,"lastModifiedTime":1716013573928}},{"hashValue":"72fbf7b1e231b3e17131f27cbda9fab1","name":"RecordModel.ets","path":"E:\\university\\programming\\No7_mobile_app_software_develop\\DevEcoStudioProjects\\EndingProject\\BaiZhanKeep\\entry\\src\\main\\ets\\model\\RecordModel.ets","type":"file","isSymbolicLink":false,"fileMetaData":{"size":2198,"lastModifiedTime":1716453072424}}]},{"hashValue":"9b668df858fac66c50c1949adbe9eb40","name":"pages","path":"E:\\university\\programming\\No7_mobile_app_software_develop\\DevEcoStudioProjects\\EndingProject\\BaiZhanKeep\\entry\\src\\main\\ets\\pages","type":"directory","isSymbolicLink":false,"children":[{"hashValue":"68b55c0a7e9b3624e70608620bd98538","name":"AddTaskPage.ets","path":"E:\\university\\programming\\No7_mobile_app_software_develop\\DevEcoStudioProjects\\EndingProject\\BaiZhanKeep\\entry\\src\\main\\ets\\pages\\AddTaskPage.ets","type":"file","isSymbolicLink":false,"fileMetaData":{"size":2060,"lastModifiedTime":1733297778502}},{"hashValue":"097b11d8773c78d65ff98dcb21018e56","name":"MainIndex.ets","path":"E:\\university\\programming\\No7_mobile_app_software_develop\\DevEcoStudioProjects\\EndingProject\\BaiZhanKeep\\entry\\src\\main\\ets\\pages\\MainIndex.ets","type":"file","isSymbolicLink":false,"fileMetaData":{"size":1718,"lastModifiedTime":1716451696272}},{"hashValue":"4fae8e1a2691036d809baba0c000f1e9","name":"SplashIndex.ets","path":"E:\\university\\programming\\No7_mobile_app_software_develop\\DevEcoStudioProjects\\EndingProject\\BaiZhanKeep\\entry\\src\\main\\ets\\pages\\SplashIndex.ets","type":"file","isSymbolicLink":false,"fileMetaData":{"size":2517,"lastModifiedTime":1715240796024}}]},{"hashValue":"c036ec0b2fb497bfca4d2a66d4eaaa58","name":"service","path":"E:\\university\\programming\\No7_mobile_app_software_develop\\DevEcoStudioProjects\\EndingProject\\BaiZhanKeep\\entry\\src\\main\\ets\\service","type":"directory","isSymbolicLink":false,"children":[{"hashValue":"a04cb5cb42e595933cc05a3e3954a341","name":"KeepService.ets","path":"E:\\university\\programming\\No7_mobile_app_software_develop\\DevEcoStudioProjects\\EndingProject\\BaiZhanKeep\\entry\\src\\main\\ets\\service\\KeepService.ets","type":"file","isSymbolicLink":false,"fileMetaData":{"size":3898,"lastModifiedTime":1733359509833}}]},{"hashValue":"7e3dbfefad2abb848846b59ddf7644fc","name":"utils","path":"E:\\university\\programming\\No7_mobile_app_software_develop\\DevEcoStudioProjects\\EndingProject\\BaiZhanKeep\\entry\\src\\main\\ets\\utils","type":"directory","isSymbolicLink":false,"children":[{"hashValue":"1e39f3adcfee914d7a9041dd79168c7c","name":"DateUtil.ets","path":"E:\\university\\programming\\No7_mobile_app_software_develop\\DevEcoStudioProjects\\EndingProject\\BaiZhanKeep\\entry\\src\\main\\ets\\utils\\DateUtil.ets","type":"file","isSymbolicLink":false,"fileMetaData":{"size":524,"lastModifiedTime":1715238191742}},{"hashValue":"e313de40a990227daf377ca8e067e4de","name":"DBUtil.ets","path":"E:\\university\\programming\\No7_mobile_app_software_develop\\DevEcoStudioProjects\\EndingProject\\BaiZhanKeep\\entry\\src\\main\\ets\\utils\\DBUtil.ets","type":"file","isSymbolicLink":false,"fileMetaData":{"size":7889,"lastModifiedTime":1733325529346}},{"hashValue":"15474fad2be670c9426625562dbf314c","name":"Logger.ets","path":"E:\\university\\programming\\No7_mobile_app_software_develop\\DevEcoStudioProjects\\EndingProject\\BaiZhanKeep\\entry\\src\\main\\ets\\utils\\Logger.ets","type":"file","isSymbolicLink":false,"fileMetaData":{"size":1719,"lastModifiedTime":1698043038000}},{"hashValue":"8af6fa191c0f261bd19e529a3ad78e31","name":"PreferencesUtil.ets","path":"E:\\university\\programming\\No7_mobile_app_software_develop\\DevEcoStudioProjects\\EndingProject\\BaiZhanKeep\\entry\\src\\main\\ets\\utils\\PreferencesUtil.ets","type":"file","isSymbolicLink":false,"fileMetaData":{"size":1777,"lastModifiedTime":1733359996708}}]},{"hashValue":"276f49326e1a0ad21be3f3309aadd114","name":"view","path":"E:\\university\\programming\\No7_mobile_app_software_develop\\DevEcoStudioProjects\\EndingProject\\BaiZhanKeep\\entry\\src\\main\\ets\\view","type":"directory","isSymbolicLink":false,"children":[{"hashValue":"4817d917c8a2741f3d8edccbe63f4877","name":"achievement","path":"E:\\university\\programming\\No7_mobile_app_software_develop\\DevEcoStudioProjects\\EndingProject\\BaiZhanKeep\\entry\\src\\main\\ets\\view\\achievement","type":"directory","isSymbolicLink":false,"children":[{"hashValue":"4f0bcbf066306d892638e7a625375a02","name":"AchievementContent.ets","path":"E:\\university\\programming\\No7_mobile_app_software_develop\\DevEcoStudioProjects\\EndingProject\\BaiZhanKeep\\entry\\src\\main\\ets\\view\\achievement\\AchievementContent.ets","type":"file","isSymbolicLink":false,"fileMetaData":{"size":4748,"lastModifiedTime":1733298506360}},{"hashValue":"3d330226a39f0c69ef9d8a2557f9c7ae","name":"AchievementTop.ets","path":"E:\\university\\programming\\No7_mobile_app_software_develop\\DevEcoStudioProjects\\EndingProject\\BaiZhanKeep\\entry\\src\\main\\ets\\view\\achievement\\AchievementTop.ets","type":"file","isSymbolicLink":false,"fileMetaData":{"size":2070,"lastModifiedTime":1716456180818}}]},{"hashValue":"a0fb3965f974d8d7691de53f45f6bffe","name":"home","path":"E:\\university\\programming\\No7_mobile_app_software_develop\\DevEcoStudioProjects\\EndingProject\\BaiZhanKeep\\entry\\src\\main\\ets\\view\\home","type":"directory","isSymbolicLink":false,"children":[{"hashValue":"9cebb374c5270d5c2b8e15c4b6cd757f","name":"AddBtn.ets","path":"E:\\university\\programming\\No7_mobile_app_software_develop\\DevEcoStudioProjects\\EndingProject\\BaiZhanKeep\\entry\\src\\main\\ets\\view\\home\\AddBtn.ets","type":"file","isSymbolicLink":false,"fileMetaData":{"size":415,"lastModifiedTime":1715411002611}},{"hashValue":"2977ae796b0b640f2536106d303861f1","name":"HomeContent.ets","path":"E:\\university\\programming\\No7_mobile_app_software_develop\\DevEcoStudioProjects\\EndingProject\\BaiZhanKeep\\entry\\src\\main\\ets\\view\\home\\HomeContent.ets","type":"file","isSymbolicLink":false,"fileMetaData":{"size":5784,"lastModifiedTime":1733298164621}}]},{"hashValue":"fcfbe620376dfd70173dc5d600575b69","name":"mine","path":"E:\\university\\programming\\No7_mobile_app_software_develop\\DevEcoStudioProjects\\EndingProject\\BaiZhanKeep\\entry\\src\\main\\ets\\view\\mine","type":"directory","isSymbolicLink":false,"children":[{"hashValue":"227f862b66bbb17ea804956a9cccdacd","name":"MineContent.ets","path":"E:\\university\\programming\\No7_mobile_app_software_develop\\DevEcoStudioProjects\\EndingProject\\BaiZhanKeep\\entry\\src\\main\\ets\\view\\mine\\MineContent.ets","type":"file","isSymbolicLink":false,"fileMetaData":{"size":1114,"lastModifiedTime":1715756119436}}]}]},{"hashValue":"6916f7212c478afdffe13eaafd2ee12b","name":"viewmodel","path":"E:\\university\\programming\\No7_mobile_app_software_develop\\DevEcoStudioProjects\\EndingProject\\BaiZhanKeep\\entry\\src\\main\\ets\\viewmodel","type":"directory","isSymbolicLink":false,"children":[{"hashValue":"c7af28ecfc1e29c81dd352a853a7107c","name":"AchievementInfo.ets","path":"E:\\university\\programming\\No7_mobile_app_software_develop\\DevEcoStudioProjects\\EndingProject\\BaiZhanKeep\\entry\\src\\main\\ets\\viewmodel\\AchievementInfo.ets","type":"file","isSymbolicLink":false,"fileMetaData":{"size":251,"lastModifiedTime":1733298475468}},{"hashValue":"e853f8e788d60c49ab5ddc588f8b5e64","name":"AchievementMapInfo.ets","path":"E:\\university\\programming\\No7_mobile_app_software_develop\\DevEcoStudioProjects\\EndingProject\\BaiZhanKeep\\entry\\src\\main\\ets\\viewmodel\\AchievementMapInfo.ets","type":"file","isSymbolicLink":false,"fileMetaData":{"size":720,"lastModifiedTime":1715753741831}},{"hashValue":"a4cd7029f1882959ef8df0259f7d091c","name":"ColumnInfo.ets","path":"E:\\university\\programming\\No7_mobile_app_software_develop\\DevEcoStudioProjects\\EndingProject\\BaiZhanKeep\\entry\\src\\main\\ets\\viewmodel\\ColumnInfo.ets","type":"file","isSymbolicLink":false,"fileMetaData":{"size":163,"lastModifiedTime":1715840303129}},{"hashValue":"f9ae572a90d35e24235f0eb9b74dad14","name":"KeepInfo.ets","path":"E:\\university\\programming\\No7_mobile_app_software_develop\\DevEcoStudioProjects\\EndingProject\\BaiZhanKeep\\entry\\src\\main\\ets\\viewmodel\\KeepInfo.ets","type":"file","isSymbolicLink":false,"fileMetaData":{"size":583,"lastModifiedTime":1716021872428}},{"hashValue":"a64b262dc4f4c5c5999d65edbc5b6a4d","name":"RecordItem.ets","path":"E:\\university\\programming\\No7_mobile_app_software_develop\\DevEcoStudioProjects\\EndingProject\\BaiZhanKeep\\entry\\src\\main\\ets\\viewmodel\\RecordItem.ets","type":"file","isSymbolicLink":false,"fileMetaData":{"size":436,"lastModifiedTime":1716013224314}},{"hashValue":"23ee35a613bc0ef6c1abedbbf6133d26","name":"RecordVO.ets","path":"E:\\university\\programming\\No7_mobile_app_software_develop\\DevEcoStudioProjects\\EndingProject\\BaiZhanKeep\\entry\\src\\main\\ets\\viewmodel\\RecordVO.ets","type":"file","isSymbolicLink":false,"fileMetaData":{"size":822,"lastModifiedTime":1716022429273}}]}]},"E:\\university\\programming\\No7_mobile_app_software_develop\\DevEcoStudioProjects\\EndingProject\\BaiZhanKeep\\entry\\build\\default\\intermediates\\loader_out\\default\\ets":{"hashValue":"0cc386a12479bb0eff8a8f947a615249","name":"ets","path":"E:\\university\\programming\\No7_mobile_app_software_develop\\DevEcoStudioProjects\\EndingProject\\BaiZhanKeep\\entry\\build\\default\\intermediates\\loader_out\\default\\ets","type":"directory","isSymbolicLink":false,"children":[{"hashValue":"95f373620cc05e6cac3864795c83fd18","name":"modules.abc","path":"E:\\university\\programming\\No7_mobile_app_software_develop\\DevEcoStudioProjects\\EndingProject\\BaiZhanKeep\\entry\\build\\default\\intermediates\\loader_out\\default\\ets\\modules.abc","type":"file","isSymbolicLink":false,"fileMetaData":{"size":186012,"lastModifiedTime":1733360005605}},{"hashValue":"123facc6dbfc2c0270f188d5e43e8ceb","name":"sourceMaps.map","path":"E:\\university\\programming\\No7_mobile_app_software_develop\\DevEcoStudioProjects\\EndingProject\\BaiZhanKeep\\entry\\build\\default\\intermediates\\loader_out\\default\\ets\\sourceMaps.map","type":"file","isSymbolicLink":false,"fileMetaData":{"size":57010,"lastModifiedTime":1733360005510}}]},"E:\\university\\programming\\No7_mobile_app_software_develop\\DevEcoStudioProjects\\EndingProject\\BaiZhanKeep\\entry\\build\\default\\intermediates\\stripped_native_libs\\default":{"hashValue":"","name":"default","path":"E:\\university\\programming\\No7_mobile_app_software_develop\\DevEcoStudioProjects\\EndingProject\\BaiZhanKeep\\entry\\build\\default\\intermediates\\stripped_native_libs\\default","type":"directory","isSymbolicLink":false,"children":[]},"E:\\university\\programming\\No7_mobile_app_software_develop\\DevEcoStudioProjects\\EndingProject\\BaiZhanKeep\\entry\\build\\default\\intermediates\\patch\\default\\base_native_libs.json":{"hashValue":"e3e1d08ab1177678b4c89193bc2d586a","name":"base_native_libs.json","path":"E:\\university\\programming\\No7_mobile_app_software_develop\\DevEcoStudioProjects\\EndingProject\\BaiZhanKeep\\entry\\build\\default\\intermediates\\patch\\default\\base_native_libs.json","type":"file","isSymbolicLink":false,"fileMetaData":{"size":25,"lastModifiedTime":1733298074112}},"E:\\university\\programming\\No7_mobile_app_software_develop\\DevEcoStudioProjects\\EndingProject\\BaiZhanKeep\\entry\\build\\default\\intermediates\\package\\default\\module.json":{"hashValue":"a1ee5d31e17910df6fe789d19417d0bd","name":"module.json","path":"E:\\university\\programming\\No7_mobile_app_software_develop\\DevEcoStudioProjects\\EndingProject\\BaiZhanKeep\\entry\\build\\default\\intermediates\\package\\default\\module.json","type":"file","isSymbolicLink":false,"fileMetaData":{"size":1468,"lastModifiedTime":1733298072067}},"E:\\university\\programming\\No7_mobile_app_software_develop\\DevEcoStudioProjects\\EndingProject\\BaiZhanKeep\\entry\\build\\default\\intermediates\\res\\default\\resources":{"hashValue":"826ddd8d5993bf14c33cfcebe149d39d","name":"resources","path":"E:\\university\\programming\\No7_mobile_app_software_develop\\DevEcoStudioProjects\\EndingProject\\BaiZhanKeep\\entry\\build\\default\\intermediates\\res\\default\\resources","type":"directory","isSymbolicLink":false,"children":[{"hashValue":"1348d3b08b4d861cace2a1acf24e5123","name":"base","path":"E:\\university\\programming\\No7_mobile_app_software_develop\\DevEcoStudioProjects\\EndingProject\\BaiZhanKeep\\entry\\build\\default\\intermediates\\res\\default\\resources\\base","type":"directory","isSymbolicLink":false,"children":[{"hashValue":"6a36d644490e2c69b8fd4e4993a80073","name":"media","path":"E:\\university\\programming\\No7_mobile_app_software_develop\\DevEcoStudioProjects\\EndingProject\\BaiZhanKeep\\entry\\build\\default\\intermediates\\res\\default\\resources\\base\\media","type":"directory","isSymbolicLink":false,"children":[{"hashValue":"e6515903cb91afbdf15aa8f7ac220db8","name":"add_norm_filled.svg","path":"E:\\university\\programming\\No7_mobile_app_software_develop\\DevEcoStudioProjects\\EndingProject\\BaiZhanKeep\\entry\\build\\default\\intermediates\\res\\default\\resources\\base\\media\\add_norm_filled.svg","type":"file","isSymbolicLink":false,"fileMetaData":{"size":1277,"lastModifiedTime":1711958382780}},{"hashValue":"0109d5fb3d2216cfc7ca1e13af4f34b1","name":"arrow_down.svg","path":"E:\\university\\programming\\No7_mobile_app_software_develop\\DevEcoStudioProjects\\EndingProject\\BaiZhanKeep\\entry\\build\\default\\intermediates\\res\\default\\resources\\base\\media\\arrow_down.svg","type":"file","isSymbolicLink":false,"fileMetaData":{"size":1328,"lastModifiedTime":1711958383397}},{"hashValue":"3f0805c6214bd0fad96f10613d4db465","name":"back.png","path":"E:\\university\\programming\\No7_mobile_app_software_develop\\DevEcoStudioProjects\\EndingProject\\BaiZhanKeep\\entry\\build\\default\\intermediates\\res\\default\\resources\\base\\media\\back.png","type":"file","isSymbolicLink":false,"fileMetaData":{"size":312,"lastModifiedTime":1711958383353}},{"hashValue":"c23c5c8bd2fbbd79c31be5e4eeb3875d","name":"barbell.png","path":"E:\\university\\programming\\No7_mobile_app_software_develop\\DevEcoStudioProjects\\EndingProject\\BaiZhanKeep\\entry\\build\\default\\intermediates\\res\\default\\resources\\base\\media\\barbell.png","type":"file","isSymbolicLink":false,"fileMetaData":{"size":8892,"lastModifiedTime":1713336755135}},{"hashValue":"fd6269b5792ddfb722705f3d7ebb9ad3","name":"bike.png","path":"E:\\university\\programming\\No7_mobile_app_software_develop\\DevEcoStudioProjects\\EndingProject\\BaiZhanKeep\\entry\\build\\default\\intermediates\\res\\default\\resources\\base\\media\\bike.png","type":"file","isSymbolicLink":false,"fileMetaData":{"size":11710,"lastModifiedTime":1713336826208}},{"hashValue":"d9b60929b934299b30b6e161f5b5ac61","name":"delete.svg","path":"E:\\university\\programming\\No7_mobile_app_software_develop\\DevEcoStudioProjects\\EndingProject\\BaiZhanKeep\\entry\\build\\default\\intermediates\\res\\default\\resources\\base\\media\\delete.svg","type":"file","isSymbolicLink":false,"fileMetaData":{"size":1653,"lastModifiedTime":1711958383450}},{"hashValue":"013dacdfbad73398fd95ccd92e3309c5","name":"dumbbell.png","path":"E:\\university\\programming\\No7_mobile_app_software_develop\\DevEcoStudioProjects\\EndingProject\\BaiZhanKeep\\entry\\build\\default\\intermediates\\res\\default\\resources\\base\\media\\dumbbell.png","type":"file","isSymbolicLink":false,"fileMetaData":{"size":8332,"lastModifiedTime":1713336795950}},{"hashValue":"eb8b40995234f9630a01773f8b1bd27d","name":"home_bg.png","path":"E:\\university\\programming\\No7_mobile_app_software_develop\\DevEcoStudioProjects\\EndingProject\\BaiZhanKeep\\entry\\build\\default\\intermediates\\res\\default\\resources\\base\\media\\home_bg.png","type":"file","isSymbolicLink":false,"fileMetaData":{"size":20062,"lastModifiedTime":1712114274147}},{"hashValue":"a0090906664932ddb2e1691fdfaa53de","name":"ic_badge_3_off.png","path":"E:\\university\\programming\\No7_mobile_app_software_develop\\DevEcoStudioProjects\\EndingProject\\BaiZhanKeep\\entry\\build\\default\\intermediates\\res\\default\\resources\\base\\media\\ic_badge_3_off.png","type":"file","isSymbolicLink":false,"fileMetaData":{"size":5789,"lastModifiedTime":1698043038000}},{"hashValue":"46337e920bee85939084db399969d4fa","name":"ic_badge_3_on.png","path":"E:\\university\\programming\\No7_mobile_app_software_develop\\DevEcoStudioProjects\\EndingProject\\BaiZhanKeep\\entry\\build\\default\\intermediates\\res\\default\\resources\\base\\media\\ic_badge_3_on.png","type":"file","isSymbolicLink":false,"fileMetaData":{"size":25637,"lastModifiedTime":1698043038000}},{"hashValue":"215bb69b78c869c4be60ac4fd0a04330","name":"ic_badge_30_off.png","path":"E:\\university\\programming\\No7_mobile_app_software_develop\\DevEcoStudioProjects\\EndingProject\\BaiZhanKeep\\entry\\build\\default\\intermediates\\res\\default\\resources\\base\\media\\ic_badge_30_off.png","type":"file","isSymbolicLink":false,"fileMetaData":{"size":6733,"lastModifiedTime":1698043038000}},{"hashValue":"d7287b0240f420e70f1f4d58c1c70d7e","name":"ic_badge_30_on.png","path":"E:\\university\\programming\\No7_mobile_app_software_develop\\DevEcoStudioProjects\\EndingProject\\BaiZhanKeep\\entry\\build\\default\\intermediates\\res\\default\\resources\\base\\media\\ic_badge_30_on.png","type":"file","isSymbolicLink":false,"fileMetaData":{"size":27374,"lastModifiedTime":1698043038000}},{"hashValue":"e21aba767ef71e4d3304433e516bf130","name":"ic_badge_50_off.png","path":"E:\\university\\programming\\No7_mobile_app_software_develop\\DevEcoStudioProjects\\EndingProject\\BaiZhanKeep\\entry\\build\\default\\intermediates\\res\\default\\resources\\base\\media\\ic_badge_50_off.png","type":"file","isSymbolicLink":false,"fileMetaData":{"size":6613,"lastModifiedTime":1698043038000}},{"hashValue":"1d016e784b081fd9424743a96005a0e8","name":"ic_badge_50_on.png","path":"E:\\university\\programming\\No7_mobile_app_software_develop\\DevEcoStudioProjects\\EndingProject\\BaiZhanKeep\\entry\\build\\default\\intermediates\\res\\default\\resources\\base\\media\\ic_badge_50_on.png","type":"file","isSymbolicLink":false,"fileMetaData":{"size":31810,"lastModifiedTime":1698043038000}},{"hashValue":"90d12fe1b4a7eba638769afd7162ab6e","name":"ic_badge_7_off.png","path":"E:\\university\\programming\\No7_mobile_app_software_develop\\DevEcoStudioProjects\\EndingProject\\BaiZhanKeep\\entry\\build\\default\\intermediates\\res\\default\\resources\\base\\media\\ic_badge_7_off.png","type":"file","isSymbolicLink":false,"fileMetaData":{"size":5419,"lastModifiedTime":1698043038000}},{"hashValue":"01dad75d47b4a52eb2eb67ff82722e65","name":"ic_badge_7_on.png","path":"E:\\university\\programming\\No7_mobile_app_software_develop\\DevEcoStudioProjects\\EndingProject\\BaiZhanKeep\\entry\\build\\default\\intermediates\\res\\default\\resources\\base\\media\\ic_badge_7_on.png","type":"file","isSymbolicLink":false,"fileMetaData":{"size":24670,"lastModifiedTime":1698043038000}},{"hashValue":"282851dec1214fe55479bf85f81f6f28","name":"ic_badge_73_off.png","path":"E:\\university\\programming\\No7_mobile_app_software_develop\\DevEcoStudioProjects\\EndingProject\\BaiZhanKeep\\entry\\build\\default\\intermediates\\res\\default\\resources\\base\\media\\ic_badge_73_off.png","type":"file","isSymbolicLink":false,"fileMetaData":{"size":6290,"lastModifiedTime":1698043038000}},{"hashValue":"344f28f27f7f92c4c4149e905a53276c","name":"ic_badge_73_on.png","path":"E:\\university\\programming\\No7_mobile_app_software_develop\\DevEcoStudioProjects\\EndingProject\\BaiZhanKeep\\entry\\build\\default\\intermediates\\res\\default\\resources\\base\\media\\ic_badge_73_on.png","type":"file","isSymbolicLink":false,"fileMetaData":{"size":32148,"lastModifiedTime":1698043038000}},{"hashValue":"9ef4487bd3f3b98806ad3589afc43582","name":"ic_badge_99_off.png","path":"E:\\university\\programming\\No7_mobile_app_software_develop\\DevEcoStudioProjects\\EndingProject\\BaiZhanKeep\\entry\\build\\default\\intermediates\\res\\default\\resources\\base\\media\\ic_badge_99_off.png","type":"file","isSymbolicLink":false,"fileMetaData":{"size":6520,"lastModifiedTime":1698043038000}},{"hashValue":"e9d0714bf8dce9d5705c98263119f3c5","name":"ic_badge_99_on.png","path":"E:\\university\\programming\\No7_mobile_app_software_develop\\DevEcoStudioProjects\\EndingProject\\BaiZhanKeep\\entry\\build\\default\\intermediates\\res\\default\\resources\\base\\media\\ic_badge_99_on.png","type":"file","isSymbolicLink":false,"fileMetaData":{"size":33835,"lastModifiedTime":1698043038000}},{"hashValue":"247dd025be0a1f8b10a890f364a1a361","name":"ic_home_add.png","path":"E:\\university\\programming\\No7_mobile_app_software_develop\\DevEcoStudioProjects\\EndingProject\\BaiZhanKeep\\entry\\build\\default\\intermediates\\res\\default\\resources\\base\\media\\ic_home_add.png","type":"file","isSymbolicLink":false,"fileMetaData":{"size":487,"lastModifiedTime":1698043038000}},{"hashValue":"00e2d8aeac333bfdfe09ff1d5c026b31","name":"ic_no_data.png","path":"E:\\university\\programming\\No7_mobile_app_software_develop\\DevEcoStudioProjects\\EndingProject\\BaiZhanKeep\\entry\\build\\default\\intermediates\\res\\default\\resources\\base\\media\\ic_no_data.png","type":"file","isSymbolicLink":false,"fileMetaData":{"size":21070,"lastModifiedTime":1698043038000}},{"hashValue":"07ba9ac139e40017833e7d11b8440cfc","name":"ic_right_grey.png","path":"E:\\university\\programming\\No7_mobile_app_software_develop\\DevEcoStudioProjects\\EndingProject\\BaiZhanKeep\\entry\\build\\default\\intermediates\\res\\default\\resources\\base\\media\\ic_right_grey.png","type":"file","isSymbolicLink":false,"fileMetaData":{"size":282,"lastModifiedTime":1698043038000}},{"hashValue":"6dc57f1673a2062461b4c1807c589569","name":"ic_tabs_achievement_normal.png","path":"E:\\university\\programming\\No7_mobile_app_software_develop\\DevEcoStudioProjects\\EndingProject\\BaiZhanKeep\\entry\\build\\default\\intermediates\\res\\default\\resources\\base\\media\\ic_tabs_achievement_normal.png","type":"file","isSymbolicLink":false,"fileMetaData":{"size":817,"lastModifiedTime":1698043038000}},{"hashValue":"b1b6cf9491a2fc38192e91755c0f114f","name":"ic_tabs_achievement_sel.png","path":"E:\\university\\programming\\No7_mobile_app_software_develop\\DevEcoStudioProjects\\EndingProject\\BaiZhanKeep\\entry\\build\\default\\intermediates\\res\\default\\resources\\base\\media\\ic_tabs_achievement_sel.png","type":"file","isSymbolicLink":false,"fileMetaData":{"size":721,"lastModifiedTime":1698043038000}},{"hashValue":"951e55a421f4e023ede2b43e98ab8499","name":"ic_tabs_home_normal.png","path":"E:\\university\\programming\\No7_mobile_app_software_develop\\DevEcoStudioProjects\\EndingProject\\BaiZhanKeep\\entry\\build\\default\\intermediates\\res\\default\\resources\\base\\media\\ic_tabs_home_normal.png","type":"file","isSymbolicLink":false,"fileMetaData":{"size":890,"lastModifiedTime":1698043038000}},{"hashValue":"002f5dab86a06be4bcf306823794965d","name":"ic_tabs_home_sel.png","path":"E:\\university\\programming\\No7_mobile_app_software_develop\\DevEcoStudioProjects\\EndingProject\\BaiZhanKeep\\entry\\build\\default\\intermediates\\res\\default\\resources\\base\\media\\ic_tabs_home_sel.png","type":"file","isSymbolicLink":false,"fileMetaData":{"size":746,"lastModifiedTime":1698043038000}},{"hashValue":"fe6bd845483ef1c257d6bde36b7d83c4","name":"ic_tabs_mine_normal.png","path":"E:\\university\\programming\\No7_mobile_app_software_develop\\DevEcoStudioProjects\\EndingProject\\BaiZhanKeep\\entry\\build\\default\\intermediates\\res\\default\\resources\\base\\media\\ic_tabs_mine_normal.png","type":"file","isSymbolicLink":false,"fileMetaData":{"size":942,"lastModifiedTime":1698043038000}},{"hashValue":"652c0921d0861732a2dfdd5ca72ff4f7","name":"ic_tabs_mine_sel.png","path":"E:\\university\\programming\\No7_mobile_app_software_develop\\DevEcoStudioProjects\\EndingProject\\BaiZhanKeep\\entry\\build\\default\\intermediates\\res\\default\\resources\\base\\media\\ic_tabs_mine_sel.png","type":"file","isSymbolicLink":false,"fileMetaData":{"size":895,"lastModifiedTime":1698043038000}},{"hashValue":"768aadeda5a1c75b20c15825bad9751a","name":"icon_user.png","path":"E:\\university\\programming\\No7_mobile_app_software_develop\\DevEcoStudioProjects\\EndingProject\\BaiZhanKeep\\entry\\build\\default\\intermediates\\res\\default\\resources\\base\\media\\icon_user.png","type":"file","isSymbolicLink":false,"fileMetaData":{"size":5342,"lastModifiedTime":1698043038000}},{"hashValue":"cf6ca648b31a942f0f15ea260fa1490f","name":"icon.png","path":"E:\\university\\programming\\No7_mobile_app_software_develop\\DevEcoStudioProjects\\EndingProject\\BaiZhanKeep\\entry\\build\\default\\intermediates\\res\\default\\resources\\base\\media\\icon.png","type":"file","isSymbolicLink":false,"fileMetaData":{"size":6790,"lastModifiedTime":1713147801950}},{"hashValue":"d8140a9066803b848aaa354c1a94faf6","name":"jog.png","path":"E:\\university\\programming\\No7_mobile_app_software_develop\\DevEcoStudioProjects\\EndingProject\\BaiZhanKeep\\entry\\build\\default\\intermediates\\res\\default\\resources\\base\\media\\jog.png","type":"file","isSymbolicLink":false,"fileMetaData":{"size":12870,"lastModifiedTime":1713336895730}},{"hashValue":"760a0a5e95c35a6e9b22a677c05b18a8","name":"logo.png","path":"E:\\university\\programming\\No7_mobile_app_software_develop\\DevEcoStudioProjects\\EndingProject\\BaiZhanKeep\\entry\\build\\default\\intermediates\\res\\default\\resources\\base\\media\\logo.png","type":"file","isSymbolicLink":false,"fileMetaData":{"size":24433,"lastModifiedTime":1713151451194}},{"hashValue":"14d945f341ade6ba703c088a154a7442","name":"push.png","path":"E:\\university\\programming\\No7_mobile_app_software_develop\\DevEcoStudioProjects\\EndingProject\\BaiZhanKeep\\entry\\build\\default\\intermediates\\res\\default\\resources\\base\\media\\push.png","type":"file","isSymbolicLink":false,"fileMetaData":{"size":10893,"lastModifiedTime":1713336867252}},{"hashValue":"e9a631bd85208b04e6e9a826a7f365cf","name":"skip.png","path":"E:\\university\\programming\\No7_mobile_app_software_develop\\DevEcoStudioProjects\\EndingProject\\BaiZhanKeep\\entry\\build\\default\\intermediates\\res\\default\\resources\\base\\media\\skip.png","type":"file","isSymbolicLink":false,"fileMetaData":{"size":8023,"lastModifiedTime":1713335840504}},{"hashValue":"7d48c5a8630cda0ca64ceebdd636d3a7","name":"spinner.svg","path":"E:\\university\\programming\\No7_mobile_app_software_develop\\DevEcoStudioProjects\\EndingProject\\BaiZhanKeep\\entry\\build\\default\\intermediates\\res\\default\\resources\\base\\media\\spinner.svg","type":"file","isSymbolicLink":false,"fileMetaData":{"size":988,"lastModifiedTime":1711958386327}},{"hashValue":"89a1fc908a4b3f6a6f73e289b30a76c4","name":"swim.png","path":"E:\\university\\programming\\No7_mobile_app_software_develop\\DevEcoStudioProjects\\EndingProject\\BaiZhanKeep\\entry\\build\\default\\intermediates\\res\\default\\resources\\base\\media\\swim.png","type":"file","isSymbolicLink":false,"fileMetaData":{"size":12259,"lastModifiedTime":1713336848734}},{"hashValue":"8f3159d6731bbffa2ebf9a08836d885e","name":"titlePhoto.png","path":"E:\\university\\programming\\No7_mobile_app_software_develop\\DevEcoStudioProjects\\EndingProject\\BaiZhanKeep\\entry\\build\\default\\intermediates\\res\\default\\resources\\base\\media\\titlePhoto.png","type":"file","isSymbolicLink":false,"fileMetaData":{"size":10631,"lastModifiedTime":1713148157741}},{"hashValue":"5688f20a33b46752a99fab4ecf425547","name":"welcomeBg.jpg","path":"E:\\university\\programming\\No7_mobile_app_software_develop\\DevEcoStudioProjects\\EndingProject\\BaiZhanKeep\\entry\\build\\default\\intermediates\\res\\default\\resources\\base\\media\\welcomeBg.jpg","type":"file","isSymbolicLink":false,"fileMetaData":{"size":47297,"lastModifiedTime":1713151574595}}]},{"hashValue":"f1db247d98304902c9489f8fbc98df8f","name":"profile","path":"E:\\university\\programming\\No7_mobile_app_software_develop\\DevEcoStudioProjects\\EndingProject\\BaiZhanKeep\\entry\\build\\default\\intermediates\\res\\default\\resources\\base\\profile","type":"directory","isSymbolicLink":false,"children":[{"hashValue":"16042ef68e2a0caf3af43debb6e177bf","name":"main_pages.json","path":"E:\\university\\programming\\No7_mobile_app_software_develop\\DevEcoStudioProjects\\EndingProject\\BaiZhanKeep\\entry\\build\\default\\intermediates\\res\\default\\resources\\base\\profile\\main_pages.json","type":"file","isSymbolicLink":false,"fileMetaData":{"size":91,"lastModifiedTime":1715410389335}}]}]},{"hashValue":"","name":"rawfile","path":"E:\\university\\programming\\No7_mobile_app_software_develop\\DevEcoStudioProjects\\EndingProject\\BaiZhanKeep\\entry\\build\\default\\intermediates\\res\\default\\resources\\rawfile","type":"directory","isSymbolicLink":false,"children":[]}]},"E:\\university\\programming\\No7_mobile_app_software_develop\\DevEcoStudioProjects\\EndingProject\\BaiZhanKeep\\entry\\build\\default\\intermediates\\res\\default\\resources.index":{"hashValue":"7e9ab93acaefa8ad68029110ecf8b2a1","name":"resources.index","path":"E:\\university\\programming\\No7_mobile_app_software_develop\\DevEcoStudioProjects\\EndingProject\\BaiZhanKeep\\entry\\build\\default\\intermediates\\res\\default\\resources.index","type":"file","isSymbolicLink":false,"fileMetaData":{"size":8031,"lastModifiedTime":1733298072069}},"E:\\university\\programming\\No7_mobile_app_software_develop\\DevEcoStudioProjects\\EndingProject\\BaiZhanKeep\\entry\\build\\default\\outputs\\default\\entry-default-unsigned.hap":{"hashValue":"a2f17d830a9c594df25dbb9a6823741f","name":"entry-default-unsigned.hap","path":"E:\\university\\programming\\No7_mobile_app_software_develop\\DevEcoStudioProjects\\EndingProject\\BaiZhanKeep\\entry\\build\\default\\outputs\\default\\entry-default-unsigned.hap","type":"file","isSymbolicLink":false,"fileMetaData":{"size":692174,"lastModifiedTime":1733360006191}},"E:\\university\\programming\\No7_mobile_app_software_develop\\DevEcoStudioProjects\\EndingProject\\BaiZhanKeep\\entry\\build\\default\\outputs\\default\\mapping\\sourceMaps.map":{"hashValue":"123facc6dbfc2c0270f188d5e43e8ceb","name":"sourceMaps.map","path":"E:\\university\\programming\\No7_mobile_app_software_develop\\DevEcoStudioProjects\\EndingProject\\BaiZhanKeep\\entry\\build\\default\\outputs\\default\\mapping\\sourceMaps.map","type":"file","isSymbolicLink":false,"fileMetaData":{"size":57010,"lastModifiedTime":1733360005510}},"E:\\university\\programming\\No7_mobile_app_software_develop\\DevEcoStudioProjects\\EndingProject\\BaiZhanKeep\\entry\\build\\default\\intermediates\\loader\\default\\pkgContextInfo.json":{"hashValue":"","name":"emptyroot","path":"","type":"unknown","isSymbolicLink":false,"children":[]},"E:\\university\\programming\\No7_mobile_app_software_develop\\DevEcoStudioProjects\\EndingProject\\BaiZhanKeep\\build\\cache\\default\\integrated_hsp\\integratedHspCache.json":{"hashValue":"","name":"emptyroot","path":"","type":"unknown","isSymbolicLink":false,"children":[]},"E:\\university\\programming\\No7_mobile_app_software_develop\\DevEcoStudioProjects\\EndingProject\\BaiZhanKeep\\entry\\build\\default\\intermediates\\syscap\\default\\rpcid.sc":{"hashValue":"","name":"emptyroot","path":"","type":"unknown","isSymbolicLink":false,"children":[]},"E:\\university\\programming\\No7_mobile_app_software_develop\\DevEcoStudioProjects\\EndingProject\\BaiZhanKeep\\entry\\build\\default\\intermediates\\loader_out\\default\\js":{"hashValue":"","name":"emptyroot","path":"","type":"unknown","isSymbolicLink":false,"children":[]},"E:\\university\\programming\\No7_mobile_app_software_develop\\DevEcoStudioProjects\\EndingProject\\BaiZhanKeep\\entry\\build\\default\\outputs\\default\\entry-default-signed.hap":{"hashValue":"","name":"emptyroot","path":"","type":"unknown","isSymbolicLink":false,"children":[]}}