{":BaiZhanKeep:entry:default@PreBuild":{"_inputs":[{"dataType":"ValueEntry","value":"{\"_name\":\"BUILTIN_TASK_COMMAND\",\"_value\":\"\",\"_valueType\":\"string\",\"_hash\":\"0b5d05294fdf4e78e8482ef53eb64ac0\"}"},{"dataType":"ValueEntry","value":"{\"_name\":\"BUILTIN_TASK_ENV\",\"_value\":\"\",\"_valueType\":\"string\",\"_hash\":\"cdcdc2ec8062ca9ec1de46dbf2bbc053\"}"},{"dataType":"ValueEntry","value":"{\"_name\":\"BUILTIN_TASK_TOOLCHAIN\",\"_value\":\"\",\"_valueType\":\"string\",\"_hash\":\"e7f94a9422a8bc317a7d90b58efcb5f6\"}"},{"dataType":"ValueEntry","value":"{\"_name\":\"apiType\",\"_value\":\"stageMode\",\"_valueType\":\"string\",\"_hash\":\"699c7565645ea3ea8c88551a4926a3d5\"}"},{"dataType":"ValueEntry","value":"{\"_name\":\"byteCodeHar\",\"_value\":false,\"_valueType\":\"boolean\",\"_hash\":\"1918a3ccb645ccacd0aedd84fc6cf8a4\"}"},{"dataType":"ValueEntry","value":"{\"_name\":\"codeType\",\"_value\":true,\"_valueType\":\"boolean\",\"_hash\":\"d6dcf21a9f078b661283507536e57ce8\"}"},{"dataType":"ValueEntry","value":"{\"_name\":\"compatibleApiVersion\",\"_value\":10,\"_valueType\":\"number\",\"_hash\":\"f08ac304243ae5663f2ea14e1973c253\"}"},{"dataType":"ValueEntry","value":"{\"_name\":\"compileApiVersion\",\"_value\":12,\"_valueType\":\"number\",\"_hash\":\"5bc55d1554c9b9f95bf3de5259c04c8b\"}"},{"dataType":"ValueEntry","value":"{\"_name\":\"configuration\",\"_value\":\"\",\"_valueType\":\"string\",\"_hash\":\"d12f0038691f8f34d654391bbcee2f8e\"}"},{"dataType":"ValueEntry","value":"{\"_name\":\"configurationFileJson\",\"_value\":\"\",\"_valueType\":\"string\",\"_hash\":\"2b55287f40f7e8896b21bab4028e156b\"}"},{"dataType":"ValueEntry","value":"{\"_name\":\"customTypes\",\"_value\":\"\",\"_valueType\":\"string\",\"_hash\":\"970a2695bffac1c5a4fa283dc36050e3\"}"},{"dataType":"ValueEntry","value":"{\"_name\":\"deviceType\",\"_value\":[\"phone\",\"tablet\"],\"_valueType\":\"object\",\"_hash\":\"6b8c09abb74b3d778d7ce1bc1efb26ef\"}"},{"dataType":"ValueEntry","value":"{\"_name\":\"integrated_hsp\",\"_value\":false,\"_valueType\":\"boolean\",\"_hash\":\"2538281751f182d9123d2ab28efaf9be\"}"},{"dataType":"ValueEntry","value":"{\"_name\":\"isSupportOhpmProj\",\"_value\":true,\"_valueType\":\"boolean\",\"_hash\":\"f3a249d7e3f751316e931b8a08b074b4\"}"},{"dataType":"ValueEntry","value":"{\"_name\":\"moduleJsonOpt\",\"_value\":\"{\\\"jsonFilePath\\\":\\\"E:\\\\\\\\university\\\\\\\\programming\\\\\\\\No7_mobile_app_software_develop\\\\\\\\DevEcoStudioProjects\\\\\\\\EndingProject\\\\\\\\BaiZhanKeep\\\\\\\\entry\\\\\\\\src\\\\\\\\main\\\\\\\\module.json5\\\",\\\"profile\\\":{\\\"module\\\":{\\\"name\\\":\\\"entry\\\",\\\"type\\\":\\\"entry\\\",\\\"description\\\":\\\"$string:module_desc\\\",\\\"mainElement\\\":\\\"EntryAbility\\\",\\\"deviceTypes\\\":[\\\"phone\\\",\\\"tablet\\\"],\\\"deliveryWithInstall\\\":true,\\\"installationFree\\\":false,\\\"pages\\\":\\\"$profile:main_pages\\\",\\\"abilities\\\":[{\\\"name\\\":\\\"EntryAbility\\\",\\\"srcEntry\\\":\\\"./ets/entryability/EntryAbility.ets\\\",\\\"description\\\":\\\"$string:EntryAbility_desc\\\",\\\"icon\\\":\\\"$media:logo\\\",\\\"label\\\":\\\"$string:EntryAbility_label\\\",\\\"startWindowIcon\\\":\\\"$media:logo\\\",\\\"startWindowBackground\\\":\\\"$color:start_window_background\\\",\\\"exported\\\":true,\\\"skills\\\":[{\\\"entities\\\":[\\\"entity.system.home\\\"],\\\"actions\\\":[\\\"action.system.home\\\"]}]}]}},\\\"deviceTypes\\\":[\\\"phone\\\",\\\"tablet\\\"],\\\"deviceConfig\\\":\\\"deviceTypes\\\",\\\"configurationProfile\\\":\\\"module.json5\\\"}\",\"_valueType\":\"string\",\"_hash\":\"06303508d84718e27db937ec4107c212\"}"},{"dataType":"ValueEntry","value":"{\"_name\":\"profileModuleName\",\"_value\":\"entry\",\"_valueType\":\"string\",\"_hash\":\"b174ea6ff5824844dde5ad92f6b3ef2b\"}"},{"dataType":"ValueEntry","value":"{\"_name\":\"sdkToolchainsComponentVersion\",\"_value\":\"5.0.0.61\",\"_valueType\":\"string\",\"_hash\":\"c3c9f5bd66d4fa5a224fda6638260c57\"}"},{"dataType":"ValueEntry","value":"{\"_name\":\"sourceRoots\",\"_value\":true,\"_valueType\":\"boolean\",\"_hash\":\"a369c115d2c4122f3819759804ec9d35\"}"},{"dataType":"ValueEntry","value":"{\"_name\":\"targetStatusCode\",\"_value\":2,\"_valueType\":\"number\",\"_hash\":\"5a9255c0f4ee50904a9349ebafca8369\"}"},{"dataType":"ValueEntry","value":"{\"_name\":\"transformLib\",\"_value\":\"\",\"_valueType\":\"string\",\"_hash\":\"7d270d0ce7ae5c6e2e32760cb396ea5a\"}"},{"dataType":"ValueEntry","value":"{\"_name\":\"useNormalizedOHMUrl\",\"_value\":false,\"_valueType\":\"boolean\",\"_hash\":\"45c309ddef659bd1ca26b5b8988a1a78\"}"}],"_successful":true,"_projectName":"BaiZhanKeep","_moduleName":"entry","_taskName":"default@PreBuild","_key":":BaiZhanKeep:entry:default@PreBuild","_executionId":":BaiZhanKeep:entry:default@PreBuild:1733298071348","_inputFiles":{"dataType":"Map","value":[["E:\\university\\programming\\No7_mobile_app_software_develop\\DevEcoStudioProjects\\EndingProject\\BaiZhanKeep\\AppScope\\app.json5",{"isDirectory":false,"fileSnapShotHashValue":"78284d852ced7edfba42d9afa6758f59"}],["E:\\university\\programming\\No7_mobile_app_software_develop\\DevEcoStudioProjects\\EndingProject\\BaiZhanKeep\\entry\\src\\main\\module.json5",{"isDirectory":false,"fileSnapShotHashValue":"c7b9e992826f851ebbe0c9e4dfdd519b"}],["E:\\university\\programming\\No7_mobile_app_software_develop\\DevEcoStudioProjects\\EndingProject\\BaiZhanKeep\\build-profile.json5",{"fileSnapShotHashValue":"a6820a544dd6eb28abce50044406a6d0"}],["E:\\university\\programming\\No7_mobile_app_software_develop\\DevEcoStudioProjects\\EndingProject\\BaiZhanKeep\\entry\\build-profile.json5",{"fileSnapShotHashValue":"f23107f72546dd6bd3fafd8968ff50c2"}],["E:\\university\\programming\\No7_mobile_app_software_develop\\DevEcoStudioProjects\\EndingProject\\BaiZhanKeep\\entry\\src\\main\\resources\\base\\profile\\main_pages.json",{"fileSnapShotHashValue":"16042ef68e2a0caf3af43debb6e177bf"}],["E:\\university\\programming\\No7_mobile_app_software_develop\\DevEcoStudioProjects\\EndingProject\\BaiZhanKeep\\hvigor\\hvigor-config.json5",{"isDirectory":true,"fileSnapShotHashValue":"1408a9dc3c3b83b7fe86c50c38757b54"}],["E:\\university\\programming\\No7_mobile_app_software_develop\\DevEcoStudioProjects\\EndingProject\\BaiZhanKeep\\entry\\oh-package.json5",{"fileSnapShotHashValue":"38f7c87a8ad030ff7e195fa5f8c2c35a"}]]},"_outputFiles":{"dataType":"Map","value":[]}},":BaiZhanKeep:entry:default@GenerateMetadata":{"_inputs":[{"dataType":"ValueEntry","value":"{\"_name\":\"BUILTIN_TASK_COMMAND\",\"_value\":\"\",\"_valueType\":\"string\",\"_hash\":\"0b5d05294fdf4e78e8482ef53eb64ac0\"}"},{"dataType":"ValueEntry","value":"{\"_name\":\"BUILTIN_TASK_ENV\",\"_value\":\"\",\"_valueType\":\"string\",\"_hash\":\"cdcdc2ec8062ca9ec1de46dbf2bbc053\"}"},{"dataType":"ValueEntry","value":"{\"_name\":\"BUILTIN_TASK_TOOLCHAIN\",\"_value\":\"\",\"_valueType\":\"string\",\"_hash\":\"e7f94a9422a8bc317a7d90b58efcb5f6\"}"},{"dataType":"ValueEntry","value":"{\"_name\":\"enableSignTask\",\"_value\":true,\"_valueType\":\"boolean\",\"_hash\":\"910298825388ce24c00cb3c1aeb80caa\"}"},{"dataType":"ValueEntry","value":"{\"_name\":\"entryModules\",\"_value\":[],\"_valueType\":\"object\",\"_hash\":\"aea18c73616ef065de1f5734ffcfeacd\"}"},{"dataType":"ValueEntry","value":"{\"_name\":\"existSigningConfig\",\"_value\":false,\"_valueType\":\"boolean\",\"_hash\":\"1577ffedb088f641d0438ac50d5978d5\"}"},{"dataType":"ValueEntry","value":"{\"_name\":\"moduleDeviceType\",\"_value\":[\"phone\",\"tablet\"],\"_valueType\":\"object\",\"_hash\":\"813bc33f3fdde783add9cb9f328a5b28\"}"},{"dataType":"ValueEntry","value":"{\"_name\":\"product\",\"_value\":\"default\",\"_valueType\":\"string\",\"_hash\":\"c78efd675257060e500cc4a185c4a166\"}"},{"dataType":"ValueEntry","value":"{\"_name\":\"remoteHspMetaData\",\"_valueType\":\"undefined\",\"_hash\":\"55a9137298c1d5ff2e0dbb72f4577d79\"}"},{"dataType":"ValueEntry","value":"{\"_name\":\"sdkToolchainsComponentVersion\",\"_value\":\"5.0.0.61\",\"_valueType\":\"string\",\"_hash\":\"c3c9f5bd66d4fa5a224fda6638260c57\"}"},{"dataType":"ValueEntry","value":"{\"_name\":\"targetConfig\",\"_value\":\"{\\\"name\\\":\\\"default\\\",\\\"runtimeOS\\\":\\\"HarmonyOS\\\"}\",\"_valueType\":\"string\",\"_hash\":\"96bcd83382fb082c731eedf7bc0cf1dc\"}"}],"_successful":true,"_projectName":"BaiZhanKeep","_moduleName":"entry","_taskName":"default@GenerateMetadata","_key":":BaiZhanKeep:entry:default@GenerateMetadata","_executionId":":BaiZhanKeep:entry:default@GenerateMetadata:1733298071495","_inputFiles":{"dataType":"Map","value":[["E:\\university\\programming\\No7_mobile_app_software_develop\\DevEcoStudioProjects\\EndingProject\\BaiZhanKeep\\entry\\src\\main\\module.json5",{"fileSnapShotHashValue":"c7b9e992826f851ebbe0c9e4dfdd519b"}]]},"_outputFiles":{"dataType":"Map","value":[["E:\\university\\programming\\No7_mobile_app_software_develop\\DevEcoStudioProjects\\EndingProject\\BaiZhanKeep\\entry\\build\\default\\intermediates\\hap_metadata\\default\\output_metadata.json",{"fileSnapShotHashValue":"2ef38f847c0f27148538643a8b66d770"}]]}},":BaiZhanKeep:entry:default@MergeProfile":{"_inputs":[{"dataType":"ValueEntry","value":"{\"_name\":\"BUILTIN_TASK_COMMAND\",\"_value\":\"\",\"_valueType\":\"string\",\"_hash\":\"0b5d05294fdf4e78e8482ef53eb64ac0\"}"},{"dataType":"ValueEntry","value":"{\"_name\":\"BUILTIN_TASK_ENV\",\"_value\":\"\",\"_valueType\":\"string\",\"_hash\":\"cdcdc2ec8062ca9ec1de46dbf2bbc053\"}"},{"dataType":"ValueEntry","value":"{\"_name\":\"BUILTIN_TASK_TOOLCHAIN\",\"_value\":\"\",\"_valueType\":\"string\",\"_hash\":\"e7f94a9422a8bc317a7d90b58efcb5f6\"}"},{"dataType":"ValueEntry","value":"{\"_name\":\"appJsonOpt\",\"_value\":\"{\\\"app\\\":{\\\"bundleName\\\":\\\"com.example.baizhankeep\\\",\\\"vendor\\\":\\\"example\\\",\\\"versionCode\\\":1000000,\\\"versionName\\\":\\\"1.0.0\\\",\\\"icon\\\":\\\"$media:logo\\\",\\\"label\\\":\\\"$string:app_name\\\"}}\",\"_valueType\":\"string\",\"_hash\":\"15b3ce28ab0acaf2bbae3af972e41f35\"}"},{"dataType":"ValueEntry","value":"{\"_name\":\"asanEnable\",\"_value\":false,\"_valueType\":\"boolean\",\"_hash\":\"bc2129ba20a21b7e5234139ede1b4d7b\"}"},{"dataType":"ValueEntry","value":"{\"_name\":\"buildProfileAbilities\",\"_valueType\":\"undefined\",\"_hash\":\"40d5093f345351dd6d67ce5d6a209345\"}"},{"dataType":"ValueEntry","value":"{\"_name\":\"buildRoot\",\"_value\":\"build\",\"_valueType\":\"string\",\"_hash\":\"4c2dd7bb7507f74001ec27f2936db7f9\"}"},{"dataType":"ValueEntry","value":"{\"_name\":\"compatibleSdkVersion\",\"_value\":10,\"_valueType\":\"number\",\"_hash\":\"8ca3e69374439355c4f1b77ba4fb3435\"}"},{"dataType":"ValueEntry","value":"{\"_name\":\"integratedHsp\",\"_value\":false,\"_valueType\":\"boolean\",\"_hash\":\"e67900c25b1f9fb70cc779de77dc6912\"}"},{"dataType":"ValueEntry","value":"{\"_name\":\"isBundledDependencies\",\"_value\":false,\"_valueType\":\"boolean\",\"_hash\":\"a69aa552317c7a6e087cb84a5722e050\"}"},{"dataType":"ValueEntry","value":"{\"_name\":\"isDebug\",\"_value\":true,\"_valueType\":\"boolean\",\"_hash\":\"edbf05a2d2be2c385e75d9565a48d419\"}"},{"dataType":"ValueEntry","value":"{\"_name\":\"isHarModule\",\"_value\":false,\"_valueType\":\"boolean\",\"_hash\":\"a15b7a3ed818faa99a4a10d67f52cb72\"}"},{"dataType":"ValueEntry","value":"{\"_name\":\"moduleJsonOpt\",\"_value\":\"{\\\"module\\\":{\\\"name\\\":\\\"entry\\\",\\\"type\\\":\\\"entry\\\",\\\"description\\\":\\\"$string:module_desc\\\",\\\"mainElement\\\":\\\"EntryAbility\\\",\\\"deviceTypes\\\":[\\\"phone\\\",\\\"tablet\\\"],\\\"deliveryWithInstall\\\":true,\\\"installationFree\\\":false,\\\"pages\\\":\\\"$profile:main_pages\\\",\\\"abilities\\\":[{\\\"name\\\":\\\"EntryAbility\\\",\\\"srcEntry\\\":\\\"./ets/entryability/EntryAbility.ets\\\",\\\"description\\\":\\\"$string:EntryAbility_desc\\\",\\\"icon\\\":\\\"$media:logo\\\",\\\"label\\\":\\\"$string:EntryAbility_label\\\",\\\"startWindowIcon\\\":\\\"$media:logo\\\",\\\"startWindowBackground\\\":\\\"$color:start_window_background\\\",\\\"exported\\\":true,\\\"skills\\\":[{\\\"entities\\\":[\\\"entity.system.home\\\"],\\\"actions\\\":[\\\"action.system.home\\\"]}]}]}}\",\"_valueType\":\"string\",\"_hash\":\"f725c2647543e6b0c4b8f220a54cf6d1\"}"},{"dataType":"ValueEntry","value":"{\"_name\":\"multiProjects\",\"_value\":false,\"_valueType\":\"boolean\",\"_hash\":\"555604752defc243b4e4c55d1549fc06\"}"},{"dataType":"ValueEntry","value":"{\"_name\":\"projectConfigAppOpt\",\"_valueType\":\"undefined\",\"_hash\":\"b52997704fa206ed96a13a1f2e464a85\"}"},{"dataType":"ValueEntry","value":"{\"_name\":\"releaseType\",\"_value\":\"Beta6\",\"_valueType\":\"string\",\"_hash\":\"d7feebb391f14e6a14f9b339d86f0e38\"}"},{"dataType":"ValueEntry","value":"{\"_name\":\"targetSdkVersion\",\"_value\":12,\"_valueType\":\"number\",\"_hash\":\"94972355fc6ee8e90cfba1a7db4cf5db\"}"},{"dataType":"ValueEntry","value":"{\"_name\":\"tsanEnable\",\"_value\":false,\"_valueType\":\"boolean\",\"_hash\":\"086cac69f102cdd9ee25e54982ad7b76\"}"}],"_successful":true,"_projectName":"BaiZhanKeep","_moduleName":"entry","_taskName":"default@MergeProfile","_key":":BaiZhanKeep:entry:default@MergeProfile","_executionId":":BaiZhanKeep:entry:default@MergeProfile:1733298071507","_inputFiles":{"dataType":"Map","value":[["E:\\university\\programming\\No7_mobile_app_software_develop\\DevEcoStudioProjects\\EndingProject\\BaiZhanKeep\\AppScope\\app.json5",{"fileSnapShotHashValue":"78284d852ced7edfba42d9afa6758f59"}],["E:\\university\\programming\\No7_mobile_app_software_develop\\DevEcoStudioProjects\\EndingProject\\BaiZhanKeep\\build-profile.json5",{"fileSnapShotHashValue":"a6820a544dd6eb28abce50044406a6d0"}],["E:\\university\\programming\\No7_mobile_app_software_develop\\DevEcoStudioProjects\\EndingProject\\BaiZhanKeep\\entry\\src\\main\\module.json5",{"fileSnapShotHashValue":"c7b9e992826f851ebbe0c9e4dfdd519b"}]]},"_outputFiles":{"dataType":"Map","value":[["E:\\university\\programming\\No7_mobile_app_software_develop\\DevEcoStudioProjects\\EndingProject\\BaiZhanKeep\\entry\\build\\default\\intermediates\\merge_profile\\default\\module.json",{"fileSnapShotHashValue":"50fa6ff097767440f27e8698090fd908"}]]}},":BaiZhanKeep:entry:default@CreateBuildProfile":{"_inputs":[{"dataType":"ValueEntry","value":"{\"_name\":\"BUILTIN_TASK_COMMAND\",\"_value\":\"\",\"_valueType\":\"string\",\"_hash\":\"0b5d05294fdf4e78e8482ef53eb64ac0\"}"},{"dataType":"ValueEntry","value":"{\"_name\":\"BUILTIN_TASK_ENV\",\"_value\":\"\",\"_valueType\":\"string\",\"_hash\":\"cdcdc2ec8062ca9ec1de46dbf2bbc053\"}"},{"dataType":"ValueEntry","value":"{\"_name\":\"BUILTIN_TASK_TOOLCHAIN\",\"_value\":\"\",\"_valueType\":\"string\",\"_hash\":\"e7f94a9422a8bc317a7d90b58efcb5f6\"}"},{"dataType":"ValueEntry","value":"{\"_name\":\"buildMode\",\"_value\":\"Debug\",\"_valueType\":\"string\",\"_hash\":\"8120d22ada0d6de22b101e1f4ea16e81\"}"},{"dataType":"ValueEntry","value":"{\"_name\":\"buildModeName\",\"_value\":\"debug\",\"_valueType\":\"string\",\"_hash\":\"3f0246ea410fd9efa9fc7196cca045e3\"}"},{"dataType":"ValueEntry","value":"{\"_name\":\"projectOhosConfigAppOpt\",\"_valueType\":\"undefined\",\"_hash\":\"d55b976f16f2e6ec7261b64755922538\"}"}],"_successful":true,"_projectName":"BaiZhanKeep","_moduleName":"entry","_taskName":"default@CreateBuildProfile","_key":":BaiZhanKeep:entry:default@CreateBuildProfile","_executionId":":BaiZhanKeep:entry:default@CreateBuildProfile:1733298071514","_inputFiles":{"dataType":"Map","value":[["E:\\university\\programming\\No7_mobile_app_software_develop\\DevEcoStudioProjects\\EndingProject\\BaiZhanKeep\\AppScope\\app.json5",{"fileSnapShotHashValue":"78284d852ced7edfba42d9afa6758f59"}],["E:\\university\\programming\\No7_mobile_app_software_develop\\DevEcoStudioProjects\\EndingProject\\BaiZhanKeep\\build-profile.json5",{"fileSnapShotHashValue":"a6820a544dd6eb28abce50044406a6d0"}]]},"_outputFiles":{"dataType":"Map","value":[["E:\\university\\programming\\No7_mobile_app_software_develop\\DevEcoStudioProjects\\EndingProject\\BaiZhanKeep\\entry\\build\\default\\generated\\profile\\default\\BuildProfile.ets",{"fileSnapShotHashValue":"7b7cb6ba946a208b86e233a8f8369551"}]]}},":BaiZhanKeep:entry:default@GeneratePkgContextInfo":{"_inputs":[{"dataType":"ValueEntry","value":"{\"_name\":\"pkgContextInfoMap\",\"_value\":\"{\\\"@ohos/hypium\\\":{\\\"packageName\\\":\\\"@ohos/hypium\\\",\\\"bundleName\\\":\\\"\\\",\\\"moduleName\\\":\\\"\\\",\\\"version\\\":\\\"1.0.6\\\",\\\"entryPath\\\":\\\"index.js\\\",\\\"isSO\\\":false,\\\"dependencyAlias\\\":\\\"\\\"},\\\"entry\\\":{\\\"packageName\\\":\\\"entry\\\",\\\"bundleName\\\":\\\"\\\",\\\"moduleName\\\":\\\"\\\",\\\"version\\\":\\\"\\\",\\\"entryPath\\\":\\\"src/main/\\\",\\\"isSO\\\":false,\\\"dependencyAlias\\\":\\\"\\\"}}\",\"_valueType\":\"string\"}"},{"dataType":"ValueEntry","value":"{\"_name\":\"useNormalizedOHMUrl\",\"_value\":false,\"_valueType\":\"boolean\"}"},{"dataType":"ValueEntry","value":"{\"_name\":\"BUILTIN_TASK_COMMAND\",\"_value\":\"\",\"_valueType\":\"string\"}"},{"dataType":"ValueEntry","value":"{\"_name\":\"BUILTIN_TASK_TOOLCHAIN\",\"_value\":\"\",\"_valueType\":\"string\"}"},{"dataType":"ValueEntry","value":"{\"_name\":\"BUILTIN_TASK_ENV\",\"_value\":\"\",\"_valueType\":\"string\"}"}],"_successful":false,"_projectName":"BaiZhanKeep","_moduleName":"entry","_taskName":"default@GeneratePkgContextInfo","_key":":BaiZhanKeep:entry:default@GeneratePkgContextInfo","_executionId":":BaiZhanKeep:entry:default@GeneratePkgContextInfo:1733360423052","_inputFiles":{"dataType":"Map","value":[]},"_outputFiles":{"dataType":"Map","value":[["E:\\university\\programming\\No7_mobile_app_software_develop\\DevEcoStudioProjects\\EndingProject\\BaiZhanKeep\\entry\\build\\default\\intermediates\\loader\\default\\pkgContextInfo.json",{"isDirectory":false,"fileSnapShotHashValue":""}]]}},":BaiZhanKeep:entry:default@ProcessIntegratedHsp":{"_inputs":[{"dataType":"ValueEntry","value":"{\"_name\":\"BUILTIN_TASK_COMMAND\",\"_value\":\"\",\"_valueType\":\"string\"}"},{"dataType":"ValueEntry","value":"{\"_name\":\"BUILTIN_TASK_TOOLCHAIN\",\"_value\":\"\",\"_valueType\":\"string\"}"},{"dataType":"ValueEntry","value":"{\"_name\":\"BUILTIN_TASK_ENV\",\"_value\":\"\",\"_valueType\":\"string\"}"}],"_successful":true,"_projectName":"BaiZhanKeep","_moduleName":"entry","_taskName":"default@ProcessIntegratedHsp","_key":":BaiZhanKeep:entry:default@ProcessIntegratedHsp","_executionId":":BaiZhanKeep:entry:default@ProcessIntegratedHsp:1733360423056","_inputFiles":{"dataType":"Map","value":[]},"_outputFiles":{"dataType":"Map","value":[["E:\\university\\programming\\No7_mobile_app_software_develop\\DevEcoStudioProjects\\EndingProject\\BaiZhanKeep\\build\\cache\\default\\integrated_hsp\\integratedHspCache.json",{"isDirectory":false,"fileSnapShotHashValue":""}]]}},":BaiZhanKeep:entry:default@MakePackInfo":{"_inputs":[{"dataType":"ValueEntry","value":"{\"_name\":\"BUILTIN_TASK_COMMAND\",\"_value\":\"\",\"_valueType\":\"string\",\"_hash\":\"0b5d05294fdf4e78e8482ef53eb64ac0\"}"},{"dataType":"ValueEntry","value":"{\"_name\":\"BUILTIN_TASK_ENV\",\"_value\":\"\",\"_valueType\":\"string\",\"_hash\":\"cdcdc2ec8062ca9ec1de46dbf2bbc053\"}"},{"dataType":"ValueEntry","value":"{\"_name\":\"BUILTIN_TASK_TOOLCHAIN\",\"_value\":\"\",\"_valueType\":\"string\",\"_hash\":\"e7f94a9422a8bc317a7d90b58efcb5f6\"}"},{"dataType":"ValueEntry","value":"{\"_name\":\"appResOpt\",\"_value\":\"{\\\"app\\\":{\\\"bundleName\\\":\\\"com.example.baizhankeep\\\",\\\"vendor\\\":\\\"example\\\",\\\"versionCode\\\":1000000,\\\"versionName\\\":\\\"1.0.0\\\",\\\"icon\\\":\\\"$media:logo\\\",\\\"label\\\":\\\"$string:app_name\\\"}}\",\"_valueType\":\"string\",\"_hash\":\"fa7b992f777e14af390b62f0facf9941\"}"},{"dataType":"ValueEntry","value":"{\"_name\":\"compatibleSdkVersion\",\"_value\":10,\"_valueType\":\"number\",\"_hash\":\"8ca3e69374439355c4f1b77ba4fb3435\"}"},{"dataType":"ValueEntry","value":"{\"_name\":\"compileSdkVersion\",\"_value\":12,\"_valueType\":\"number\",\"_hash\":\"56b3e38757636db61170725108e621dc\"}"},{"dataType":"ValueEntry","value":"{\"_name\":\"deviceTypes\",\"_value\":[\"phone\",\"tablet\"],\"_valueType\":\"object\",\"_hash\":\"c166d88837153e59136adb6a4b649962\"}"},{"dataType":"ValueEntry","value":"{\"_name\":\"integratedHsp\",\"_value\":false,\"_valueType\":\"boolean\",\"_hash\":\"e67900c25b1f9fb70cc779de77dc6912\"}"},{"dataType":"ValueEntry","value":"{\"_name\":\"moduleJsonOpt\",\"_value\":\"{\\\"module\\\":{\\\"name\\\":\\\"entry\\\",\\\"type\\\":\\\"entry\\\",\\\"description\\\":\\\"$string:module_desc\\\",\\\"mainElement\\\":\\\"EntryAbility\\\",\\\"deviceTypes\\\":[\\\"phone\\\",\\\"tablet\\\"],\\\"deliveryWithInstall\\\":true,\\\"pages\\\":\\\"$profile:main_pages\\\",\\\"abilities\\\":[{\\\"name\\\":\\\"EntryAbility\\\",\\\"srcEntry\\\":\\\"./ets/entryability/EntryAbility.ets\\\",\\\"description\\\":\\\"$string:EntryAbility_desc\\\",\\\"icon\\\":\\\"$media:logo\\\",\\\"label\\\":\\\"$string:EntryAbility_label\\\",\\\"startWindowIcon\\\":\\\"$media:logo\\\",\\\"startWindowBackground\\\":\\\"$color:start_window_background\\\",\\\"exported\\\":true,\\\"skills\\\":[{\\\"entities\\\":[\\\"entity.system.home\\\"],\\\"actions\\\":[\\\"action.system.home\\\"]}]}]}}\",\"_valueType\":\"string\",\"_hash\":\"8c598c5cf6fb8c5471c94fea8b7d83cb\"}"},{"dataType":"ValueEntry","value":"{\"_name\":\"projectConfigAppOpt\",\"_valueType\":\"undefined\",\"_hash\":\"b52997704fa206ed96a13a1f2e464a85\"}"},{"dataType":"ValueEntry","value":"{\"_name\":\"releaseType\",\"_value\":\"Beta6\",\"_valueType\":\"string\",\"_hash\":\"d7feebb391f14e6a14f9b339d86f0e38\"}"}],"_successful":true,"_projectName":"BaiZhanKeep","_moduleName":"entry","_taskName":"default@MakePackInfo","_key":":BaiZhanKeep:entry:default@MakePackInfo","_executionId":":BaiZhanKeep:entry:default@MakePackInfo:1733298071560","_inputFiles":{"dataType":"Map","value":[["E:\\university\\programming\\No7_mobile_app_software_develop\\DevEcoStudioProjects\\EndingProject\\BaiZhanKeep\\AppScope\\app.json5",{"fileSnapShotHashValue":"78284d852ced7edfba42d9afa6758f59"}],["E:\\university\\programming\\No7_mobile_app_software_develop\\DevEcoStudioProjects\\EndingProject\\BaiZhanKeep\\entry\\src\\main\\module.json5",{"fileSnapShotHashValue":"c7b9e992826f851ebbe0c9e4dfdd519b"}],["E:\\university\\programming\\No7_mobile_app_software_develop\\DevEcoStudioProjects\\EndingProject\\BaiZhanKeep\\build-profile.json5",{"fileSnapShotHashValue":"a6820a544dd6eb28abce50044406a6d0"}]]},"_outputFiles":{"dataType":"Map","value":[["E:\\university\\programming\\No7_mobile_app_software_develop\\DevEcoStudioProjects\\EndingProject\\BaiZhanKeep\\entry\\build\\default\\outputs\\default\\pack.info",{"fileSnapShotHashValue":"c17b0457bbb265375f5e6b53542585a5"}]]}},":BaiZhanKeep:entry:default@ProcessProfile":{"_inputs":[{"dataType":"ValueEntry","value":"{\"_name\":\"BUILTIN_TASK_COMMAND\",\"_value\":\"\",\"_valueType\":\"string\",\"_hash\":\"0b5d05294fdf4e78e8482ef53eb64ac0\"}"},{"dataType":"ValueEntry","value":"{\"_name\":\"BUILTIN_TASK_ENV\",\"_value\":\"\",\"_valueType\":\"string\",\"_hash\":\"cdcdc2ec8062ca9ec1de46dbf2bbc053\"}"},{"dataType":"ValueEntry","value":"{\"_name\":\"BUILTIN_TASK_TOOLCHAIN\",\"_value\":\"\",\"_valueType\":\"string\",\"_hash\":\"e7f94a9422a8bc317a7d90b58efcb5f6\"}"},{"dataType":"ValueEntry","value":"{\"_name\":\"arkEnable\",\"_value\":true,\"_valueType\":\"boolean\",\"_hash\":\"750b4bda198545a67903dfb3f6a00a95\"}"},{"dataType":"ValueEntry","value":"{\"_name\":\"compatibleSdkVersionStage\",\"_value\":\"\",\"_valueType\":\"string\",\"_hash\":\"713e499a13beffe12f1dfb936f957a2a\"}"},{"dataType":"ValueEntry","value":"{\"_name\":\"compileMode\",\"_value\":\"esmodule\",\"_valueType\":\"string\",\"_hash\":\"dacafc8e0b77a950178a0b4d142dc32c\"}"},{"dataType":"ValueEntry","value":"{\"_name\":\"dependency\",\"_value\":\"[]\",\"_valueType\":\"string\",\"_hash\":\"ac54f3d4ced2d4c1d666d40e4f7c454a\"}"},{"dataType":"ValueEntry","value":"{\"_name\":\"deviceTypes\",\"_value\":[\"phone\",\"tablet\"],\"_valueType\":\"object\",\"_hash\":\"c166d88837153e59136adb6a4b649962\"}"}],"_successful":true,"_projectName":"BaiZhanKeep","_moduleName":"entry","_taskName":"default@ProcessProfile","_key":":BaiZhanKeep:entry:default@ProcessProfile","_executionId":":BaiZhanKeep:entry:default@ProcessProfile:1733298071571","_inputFiles":{"dataType":"Map","value":[["E:\\university\\programming\\No7_mobile_app_software_develop\\DevEcoStudioProjects\\EndingProject\\BaiZhanKeep\\entry\\build\\default\\intermediates\\merge_profile\\default\\module.json",{"fileSnapShotHashValue":"50fa6ff097767440f27e8698090fd908"}]]},"_outputFiles":{"dataType":"Map","value":[["E:\\university\\programming\\No7_mobile_app_software_develop\\DevEcoStudioProjects\\EndingProject\\BaiZhanKeep\\entry\\build\\default\\intermediates\\process_profile\\default\\module.json",{"fileSnapShotHashValue":"cda40ee690c0ced1a0026f913837905e"}]]}},":BaiZhanKeep:entry:default@SyscapTransform":{"_inputs":[{"dataType":"ValueEntry","value":"{\"_name\":\"deviceTypes\",\"_value\":[\"phone\",\"tablet\"],\"_valueType\":\"object\"}"},{"dataType":"ValueEntry","value":"{\"_name\":\"BUILTIN_TASK_COMMAND\",\"_value\":\"\",\"_valueType\":\"string\"}"},{"dataType":"ValueEntry","value":"{\"_name\":\"BUILTIN_TASK_TOOLCHAIN\",\"_value\":\"\",\"_valueType\":\"string\"}"},{"dataType":"ValueEntry","value":"{\"_name\":\"BUILTIN_TASK_ENV\",\"_value\":\"\",\"_valueType\":\"string\"}"}],"_successful":true,"_projectName":"BaiZhanKeep","_moduleName":"entry","_taskName":"default@SyscapTransform","_key":":BaiZhanKeep:entry:default@SyscapTransform","_executionId":":BaiZhanKeep:entry:default@SyscapTransform:1733360423074","_inputFiles":{"dataType":"Map","value":[["D:\\Huaiwei\\DevEco Studio\\sdk\\HarmonyOS-NEXT-DB6\\openharmony\\toolchains\\syscap_tool.exe",{"fileSnapShotHashValue":"ed5d0c1cf0f8d312009b21725739e5c0"}],["D:\\Huaiwei\\DevEco Studio\\sdk\\HarmonyOS-NEXT-DB6\\openharmony\\ets\\api\\device-define",{"fileSnapShotHashValue":"a789f8391da7d330a64c0b399c24ed39"}]]},"_outputFiles":{"dataType":"Map","value":[["E:\\university\\programming\\No7_mobile_app_software_develop\\DevEcoStudioProjects\\EndingProject\\BaiZhanKeep\\entry\\build\\default\\intermediates\\syscap\\default\\rpcid.sc",{"fileSnapShotHashValue":""}]]}},":BaiZhanKeep:entry:default@ProcessRouterMap":{"_inputs":[{"dataType":"ValueEntry","value":"{\"_name\":\"BUILTIN_TASK_COMMAND\",\"_value\":\"\",\"_valueType\":\"string\",\"_hash\":\"0b5d05294fdf4e78e8482ef53eb64ac0\"}"},{"dataType":"ValueEntry","value":"{\"_name\":\"BUILTIN_TASK_ENV\",\"_value\":\"\",\"_valueType\":\"string\",\"_hash\":\"cdcdc2ec8062ca9ec1de46dbf2bbc053\"}"},{"dataType":"ValueEntry","value":"{\"_name\":\"BUILTIN_TASK_TOOLCHAIN\",\"_value\":\"\",\"_valueType\":\"string\",\"_hash\":\"e7f94a9422a8bc317a7d90b58efcb5f6\"}"},{"dataType":"ValueEntry","value":"{\"_name\":\"byteCodeHar\",\"_value\":false,\"_valueType\":\"boolean\",\"_hash\":\"1918a3ccb645ccacd0aedd84fc6cf8a4\"}"},{"dataType":"ValueEntry","value":"{\"_name\":\"obfuscated\",\"_value\":true,\"_valueType\":\"boolean\",\"_hash\":\"a69c27b9cf01a6710d3662cfe180239f\"}"},{"dataType":"ValueEntry","value":"{\"_name\":\"useNormalizedOHMUrl\",\"_value\":false,\"_valueType\":\"boolean\",\"_hash\":\"45c309ddef659bd1ca26b5b8988a1a78\"}"}],"_successful":true,"_projectName":"BaiZhanKeep","_moduleName":"entry","_taskName":"default@ProcessRouterMap","_key":":BaiZhanKeep:entry:default@ProcessRouterMap","_executionId":":BaiZhanKeep:entry:default@ProcessRouterMap:1733298071874","_inputFiles":{"dataType":"Map","value":[["E:\\university\\programming\\No7_mobile_app_software_develop\\DevEcoStudioProjects\\EndingProject\\BaiZhanKeep\\entry\\oh-package.json5",{"fileSnapShotHashValue":"38f7c87a8ad030ff7e195fa5f8c2c35a"}],["E:\\university\\programming\\No7_mobile_app_software_develop\\DevEcoStudioProjects\\EndingProject\\BaiZhanKeep\\oh-package.json5",{"fileSnapShotHashValue":"d14f46fbc8394b85c83d0296e4296328"}],["E:\\university\\programming\\No7_mobile_app_software_develop\\DevEcoStudioProjects\\EndingProject\\BaiZhanKeep\\entry\\src\\main\\module.json5",{"fileSnapShotHashValue":"c7b9e992826f851ebbe0c9e4dfdd519b"}]]},"_outputFiles":{"dataType":"Map","value":[["E:\\university\\programming\\No7_mobile_app_software_develop\\DevEcoStudioProjects\\EndingProject\\BaiZhanKeep\\entry\\build\\default\\intermediates\\router_map\\default\\temp-router-map.json",{"fileSnapShotHashValue":"6747c0fd978f3649345dca686b342dbd"}],["E:\\university\\programming\\No7_mobile_app_software_develop\\DevEcoStudioProjects\\EndingProject\\BaiZhanKeep\\entry\\build\\default\\intermediates\\router_map\\default\\loader-router-map.json",{"fileSnapShotHashValue":"c9d88ca79a234beced9383256e7f7bdb"}]]}},":BaiZhanKeep:entry:default@ProcessResource":{"_inputs":[{"dataType":"ValueEntry","value":"{\"_name\":\"BUILTIN_TASK_COMMAND\",\"_value\":\"\",\"_valueType\":\"string\",\"_hash\":\"0b5d05294fdf4e78e8482ef53eb64ac0\"}"},{"dataType":"ValueEntry","value":"{\"_name\":\"BUILTIN_TASK_ENV\",\"_value\":\"\",\"_valueType\":\"string\",\"_hash\":\"cdcdc2ec8062ca9ec1de46dbf2bbc053\"}"},{"dataType":"ValueEntry","value":"{\"_name\":\"BUILTIN_TASK_TOOLCHAIN\",\"_value\":\"\",\"_valueType\":\"string\",\"_hash\":\"e7f94a9422a8bc317a7d90b58efcb5f6\"}"},{"dataType":"ValueEntry","value":"{\"_name\":\"E:\\\\university\\\\programming\\\\No7_mobile_app_software_develop\\\\DevEcoStudioProjects\\\\EndingProject\\\\BaiZhanKeep\\\\entry\\\\build\\\\default\\\\intermediates\\\\res\\\\default\\\\opt-compression.json\",\"_valueType\":\"undefined\",\"_hash\":\"65a1d5ba480f9447e050d355298cbb5d\"}"},{"dataType":"ValueEntry","value":"{\"_name\":\"resConfigJsonContent\",\"_value\":\"{\\\"configPath\\\":\\\"E:\\\\\\\\university\\\\\\\\programming\\\\\\\\No7_mobile_app_software_develop\\\\\\\\DevEcoStudioProjects\\\\\\\\EndingProject\\\\\\\\BaiZhanKeep\\\\\\\\entry\\\\\\\\build\\\\\\\\default\\\\\\\\intermediates\\\\\\\\process_profile\\\\\\\\default\\\\\\\\module.json\\\",\\\"packageName\\\":\\\"com.example.baizhankeep\\\",\\\"output\\\":\\\"E:\\\\\\\\university\\\\\\\\programming\\\\\\\\No7_mobile_app_software_develop\\\\\\\\DevEcoStudioProjects\\\\\\\\EndingProject\\\\\\\\BaiZhanKeep\\\\\\\\entry\\\\\\\\build\\\\\\\\default\\\\\\\\intermediates\\\\\\\\res\\\\\\\\default\\\",\\\"moduleNames\\\":\\\"entry\\\",\\\"ResourceTable\\\":[\\\"E:\\\\\\\\university\\\\\\\\programming\\\\\\\\No7_mobile_app_software_develop\\\\\\\\DevEcoStudioProjects\\\\\\\\EndingProject\\\\\\\\BaiZhanKeep\\\\\\\\entry\\\\\\\\build\\\\\\\\default\\\\\\\\generated\\\\\\\\r\\\\\\\\default\\\\\\\\ResourceTable.h\\\"],\\\"applicationResource\\\":\\\"E:\\\\\\\\university\\\\\\\\programming\\\\\\\\No7_mobile_app_software_develop\\\\\\\\DevEcoStudioProjects\\\\\\\\EndingProject\\\\\\\\BaiZhanKeep\\\\\\\\AppScope\\\\\\\\resources\\\",\\\"moduleResources\\\":[\\\"E:\\\\\\\\university\\\\\\\\programming\\\\\\\\No7_mobile_app_software_develop\\\\\\\\DevEcoStudioProjects\\\\\\\\EndingProject\\\\\\\\BaiZhanKeep\\\\\\\\entry\\\\\\\\src\\\\\\\\main\\\\\\\\resources\\\"],\\\"dependencies\\\":[],\\\"iconCheck\\\":true,\\\"ids\\\":\\\"E:\\\\\\\\university\\\\\\\\programming\\\\\\\\No7_mobile_app_software_develop\\\\\\\\DevEcoStudioProjects\\\\\\\\EndingProject\\\\\\\\BaiZhanKeep\\\\\\\\entry\\\\\\\\build\\\\\\\\default\\\\\\\\intermediates\\\\\\\\res\\\\\\\\default\\\\\\\\ids_map\\\",\\\"definedIds\\\":\\\"E:\\\\\\\\university\\\\\\\\programming\\\\\\\\No7_mobile_app_software_develop\\\\\\\\DevEcoStudioProjects\\\\\\\\EndingProject\\\\\\\\BaiZhanKeep\\\\\\\\entry\\\\\\\\build\\\\\\\\default\\\\\\\\intermediates\\\\\\\\res\\\\\\\\default\\\\\\\\ids_map\\\\\\\\id_defined.json\\\",\\\"definedSysIds\\\":\\\"D:\\\\\\\\Huaiwei\\\\\\\\DevEco Studio\\\\\\\\sdk\\\\\\\\HarmonyOS-NEXT-DB6\\\\\\\\hms\\\\\\\\toolchains\\\\\\\\id_defined.json\\\"}\",\"_valueType\":\"string\",\"_hash\":\"9d6285ed263b58cd198732fe6f47ab1b\"}"}],"_successful":true,"_projectName":"BaiZhanKeep","_moduleName":"entry","_taskName":"default@ProcessResource","_key":":BaiZhanKeep:entry:default@ProcessResource","_executionId":":BaiZhanKeep:entry:default@ProcessResource:1733298071889","_inputFiles":{"dataType":"Map","value":[]},"_outputFiles":{"dataType":"Map","value":[["E:\\university\\programming\\No7_mobile_app_software_develop\\DevEcoStudioProjects\\EndingProject\\BaiZhanKeep\\entry\\build\\default\\intermediates\\res\\default\\resConfig.json",{"isDirectory":false,"fileSnapShotHashValue":"c9886afc58f36cdec22b499edcc27ebf"}]]}},":BaiZhanKeep:entry:default@GenerateLoaderJson":{"_inputs":[{"dataType":"ValueEntry","value":"{\"_name\":\"BUILTIN_TASK_COMMAND\",\"_value\":\"\",\"_valueType\":\"string\",\"_hash\":\"0b5d05294fdf4e78e8482ef53eb64ac0\"}"},{"dataType":"ValueEntry","value":"{\"_name\":\"BUILTIN_TASK_ENV\",\"_value\":\"\",\"_valueType\":\"string\",\"_hash\":\"cdcdc2ec8062ca9ec1de46dbf2bbc053\"}"},{"dataType":"ValueEntry","value":"{\"_name\":\"BUILTIN_TASK_TOOLCHAIN\",\"_value\":\"\",\"_valueType\":\"string\",\"_hash\":\"e7f94a9422a8bc317a7d90b58efcb5f6\"}"},{"dataType":"ValueEntry","value":"{\"_name\":\"anBuildMode\",\"_value\":\"type\",\"_valueType\":\"string\",\"_hash\":\"de241a1eec94a2a622ff1c89f32846a2\"}"},{"dataType":"ValueEntry","value":"{\"_name\":\"apPath\",\"_value\":\"E:\\\\university\\\\programming\\\\No7_mobile_app_software_develop\\\\DevEcoStudioProjects\\\\EndingProject\\\\BaiZhanKeep\\\\entry\\\\modules.ap\",\"_valueType\":\"string\",\"_hash\":\"9eb7052534460d475211b858115a1eab\"}"},{"dataType":"ValueEntry","value":"{\"_name\":\"compatibleApiVersion\",\"_value\":10,\"_valueType\":\"number\",\"_hash\":\"f08ac304243ae5663f2ea14e1973c253\"}"},{"dataType":"ValueEntry","value":"{\"_name\":\"compileApiVersion\",\"_value\":12,\"_valueType\":\"number\",\"_hash\":\"5bc55d1554c9b9f95bf3de5259c04c8b\"}"},{"dataType":"ValueEntry","value":"{\"_name\":\"compileMode\",\"_value\":\"esmodule\",\"_valueType\":\"string\",\"_hash\":\"dacafc8e0b77a950178a0b4d142dc32c\"}"},{"dataType":"ValueEntry","value":"{\"_name\":\"fallbackAnBuild\",\"_value\":false,\"_valueType\":\"boolean\",\"_hash\":\"a63e98bb3f368ced6ed4d5579ea7ca39\"}"},{"dataType":"ValueEntry","value":"{\"_name\":\"harNameOhmMap\",\"_value\":\"{}\",\"_valueType\":\"string\",\"_hash\":\"0faf006bccbcdc2c7f04ff2d8c87894f\"}"},{"dataType":"ValueEntry","value":"{\"_name\":\"hspNameOhmMap\",\"_value\":\"{}\",\"_valueType\":\"string\",\"_hash\":\"0e2d87e0c1ed279c66bc3efb8683e5d1\"}"},{"dataType":"ValueEntry","value":"{\"_name\":\"isBundledDependencies\",\"_value\":false,\"_valueType\":\"boolean\",\"_hash\":\"a69aa552317c7a6e087cb84a5722e050\"}"},{"dataType":"ValueEntry","value":"{\"_name\":\"isByteCodeHar\",\"_value\":false,\"_valueType\":\"boolean\",\"_hash\":\"c5f9b9e5cabee4253d52d0d01ca64ba2\"}"},{"dataType":"ValueEntry","value":"{\"_name\":\"isFullCompilationEnabled\",\"_value\":true,\"_valueType\":\"boolean\",\"_hash\":\"98b683d049e4e7fc32ef1be5321fe0b6\"}"},{"dataType":"ValueEntry","value":"{\"_name\":\"isHarInTestMode\",\"_value\":false,\"_valueType\":\"boolean\",\"_hash\":\"0dab3f8a643025835188443eccef7725\"}"},{"dataType":"ValueEntry","value":"{\"_name\":\"isHarWithCoverage\",\"_value\":false,\"_valueType\":\"boolean\",\"_hash\":\"7224a86bd9c5f83cb9a1a61584afcfb4\"}"},{"dataType":"ValueEntry","value":"{\"_name\":\"modulePathMap\",\"_value\":\"{\\\"entry\\\":\\\"E:\\\\\\\\university\\\\\\\\programming\\\\\\\\No7_mobile_app_software_develop\\\\\\\\DevEcoStudioProjects\\\\\\\\EndingProject\\\\\\\\BaiZhanKeep\\\\\\\\entry\\\"}\",\"_valueType\":\"string\",\"_hash\":\"fac18baaf9bc1a37ebe13497fccc2389\"}"},{"dataType":"ValueEntry","value":"{\"_name\":\"module_dependencies\",\"_value\":\"{}\",\"_valueType\":\"string\",\"_hash\":\"974757f304b5bfd1c1454ea7a38cd0d5\"}"},{"dataType":"ValueEntry","value":"{\"_name\":\"nodeModulesPath\",\"_value\":\"E:\\\\university\\\\programming\\\\No7_mobile_app_software_develop\\\\DevEcoStudioProjects\\\\EndingProject\\\\BaiZhanKeep\\\\entry\\\\build\\\\default\\\\intermediates\\\\loader_out\\\\default\\\\node_modules\",\"_valueType\":\"string\",\"_hash\":\"85ad630d5bd9af7f602df60900f1c024\"}"},{"dataType":"ValueEntry","value":"{\"_name\":\"overrides\",\"_valueType\":\"undefined\",\"_hash\":\"0e8f66f8eb79c6f33fb153c3fc3942f4\"}"},{"dataType":"ValueEntry","value":"{\"_name\":\"projectRootPath\",\"_value\":\"E:\\\\university\\\\programming\\\\No7_mobile_app_software_develop\\\\DevEcoStudioProjects\\\\EndingProject\\\\BaiZhanKeep\",\"_valueType\":\"string\",\"_hash\":\"a2913b72162c63142373ea7138c543f5\"}"},{"dataType":"ValueEntry","value":"{\"_name\":\"project_dependencies\",\"_value\":\"{}\",\"_valueType\":\"string\",\"_hash\":\"e15496bf1de2273597f444f07f1ca6d5\"}"},{"dataType":"ValueEntry","value":"{\"_name\":\"targetConfig\",\"_value\":\"{\\\"name\\\":\\\"default\\\",\\\"runtimeOS\\\":\\\"HarmonyOS\\\"}\",\"_valueType\":\"string\",\"_hash\":\"96bcd83382fb082c731eedf7bc0cf1dc\"}"},{"dataType":"ValueEntry","value":"{\"_name\":\"useNormalizedOHMUrl\",\"_value\":false,\"_valueType\":\"boolean\",\"_hash\":\"45c309ddef659bd1ca26b5b8988a1a78\"}"}],"_successful":true,"_projectName":"BaiZhanKeep","_moduleName":"entry","_taskName":"default@GenerateLoaderJson","_key":":BaiZhanKeep:entry:default@GenerateLoaderJson","_executionId":":BaiZhanKeep:entry:default@GenerateLoaderJson:1733298071903","_inputFiles":{"dataType":"Map","value":[["E:\\university\\programming\\No7_mobile_app_software_develop\\DevEcoStudioProjects\\EndingProject\\BaiZhanKeep\\entry\\build\\default\\intermediates\\router_map\\default\\temp-router-map.json",{"fileSnapShotHashValue":"6747c0fd978f3649345dca686b342dbd"}]]},"_outputFiles":{"dataType":"Map","value":[["E:\\university\\programming\\No7_mobile_app_software_develop\\DevEcoStudioProjects\\EndingProject\\BaiZhanKeep\\entry\\build\\default\\intermediates\\loader\\default\\loader.json",{"isDirectory":false,"fileSnapShotHashValue":"48ab1892a66d439426c2404e3b688626"}]]}},":BaiZhanKeep:entry:default@ProcessLibs":{"_inputs":[{"dataType":"ValueEntry","value":"{\"_name\":\"BUILTIN_TASK_COMMAND\",\"_value\":\"\",\"_valueType\":\"string\",\"_hash\":\"0b5d05294fdf4e78e8482ef53eb64ac0\"}"},{"dataType":"ValueEntry","value":"{\"_name\":\"BUILTIN_TASK_ENV\",\"_value\":\"\",\"_valueType\":\"string\",\"_hash\":\"cdcdc2ec8062ca9ec1de46dbf2bbc053\"}"},{"dataType":"ValueEntry","value":"{\"_name\":\"BUILTIN_TASK_TOOLCHAIN\",\"_value\":\"\",\"_valueType\":\"string\",\"_hash\":\"e7f94a9422a8bc317a7d90b58efcb5f6\"}"},{"dataType":"ValueEntry","value":"{\"_name\":\"isBundledDependencies\",\"_value\":false,\"_valueType\":\"boolean\",\"_hash\":\"a69aa552317c7a6e087cb84a5722e050\"}"},{"dataType":"ValueEntry","value":"{\"_name\":\"isByteCodeHar\",\"_value\":false,\"_valueType\":\"boolean\",\"_hash\":\"c5f9b9e5cabee4253d52d0d01ca64ba2\"}"}],"_successful":true,"_projectName":"BaiZhanKeep","_moduleName":"entry","_taskName":"default@ProcessLibs","_key":":BaiZhanKeep:entry:default@ProcessLibs","_executionId":":BaiZhanKeep:entry:default@ProcessLibs:1733298071919","_inputFiles":{"dataType":"Map","value":[["E:\\university\\programming\\No7_mobile_app_software_develop\\DevEcoStudioProjects\\EndingProject\\BaiZhanKeep\\build-profile.json5",{"fileSnapShotHashValue":"a6820a544dd6eb28abce50044406a6d0"}],["E:\\university\\programming\\No7_mobile_app_software_develop\\DevEcoStudioProjects\\EndingProject\\BaiZhanKeep\\entry\\build-profile.json5",{"fileSnapShotHashValue":"f23107f72546dd6bd3fafd8968ff50c2"}]]},"_outputFiles":{"dataType":"Map","value":[["E:\\university\\programming\\No7_mobile_app_software_develop\\DevEcoStudioProjects\\EndingProject\\BaiZhanKeep\\entry\\build\\default\\intermediates\\libs\\default",{"isDirectory":true,"fileSnapShotHashValue":""}]]}},":BaiZhanKeep:entry:default@CompileResource":{"_inputs":[{"dataType":"ValueEntry","value":"{\"_name\":\"BUILTIN_TASK_COMMAND\",\"_value\":\"D:\\\\Huaiwei\\\\DevEco Studio\\\\sdk\\\\HarmonyOS-NEXT-DB6\\\\openharmony\\\\toolchains\\\\restool.exe,-l,E:\\\\university\\\\programming\\\\No7_mobile_app_software_develop\\\\DevEcoStudioProjects\\\\EndingProject\\\\BaiZhanKeep\\\\entry\\\\build\\\\default\\\\intermediates\\\\res\\\\default\\\\resConfig.json\",\"_valueType\":\"string\",\"_hash\":\"15dc36f1848e87c044ca22ad8c4c76ee\"}"},{"dataType":"ValueEntry","value":"{\"_name\":\"BUILTIN_TASK_ENV\",\"_value\":\"\",\"_valueType\":\"string\",\"_hash\":\"cdcdc2ec8062ca9ec1de46dbf2bbc053\"}"},{"dataType":"ValueEntry","value":"{\"_name\":\"BUILTIN_TASK_TOOLCHAIN\",\"_value\":\"D:\\\\Huaiwei\\\\DevEco Studio\\\\sdk\\\\HarmonyOS-NEXT-DB6\\\\openharmony\\\\toolchains\\\\restool.exe\",\"_valueType\":\"string\",\"_hash\":\"a3e4f173fa6e3ed6c6e0213c9d796163\"}"},{"dataType":"ValueEntry","value":"{\"_name\":\"TARGET_CONFIG\",\"_value\":\"{\\\"name\\\":\\\"default\\\",\\\"runtimeOS\\\":\\\"HarmonyOS\\\"}\",\"_valueType\":\"string\",\"_hash\":\"d1734598343a94c88ec5404fdcdfa944\"}"}],"_successful":true,"_projectName":"BaiZhanKeep","_moduleName":"entry","_taskName":"default@CompileResource","_key":":BaiZhanKeep:entry:default@CompileResource","_executionId":":BaiZhanKeep:entry:default@CompileResource:1733298071934","_inputFiles":{"dataType":"Map","value":[["E:\\university\\programming\\No7_mobile_app_software_develop\\DevEcoStudioProjects\\EndingProject\\BaiZhanKeep\\entry\\src\\main\\resources",{"fileSnapShotHashValue":"9fff33387996410a4b6c6f17e38acde2"}],["E:\\university\\programming\\No7_mobile_app_software_develop\\DevEcoStudioProjects\\EndingProject\\BaiZhanKeep\\AppScope\\resources",{"fileSnapShotHashValue":"8b872091820785ed1f1f8f49beec73b5"}],["E:\\university\\programming\\No7_mobile_app_software_develop\\DevEcoStudioProjects\\EndingProject\\BaiZhanKeep\\entry\\build\\default\\intermediates\\process_profile\\default\\module.json",{"isDirectory":false,"fileSnapShotHashValue":"cda40ee690c0ced1a0026f913837905e"}],["E:\\university\\programming\\No7_mobile_app_software_develop\\DevEcoStudioProjects\\EndingProject\\BaiZhanKeep\\entry\\build\\default\\intermediates\\res\\default\\resConfig.json",{"isDirectory":false,"fileSnapShotHashValue":"c9886afc58f36cdec22b499edcc27ebf"}]]},"_outputFiles":{"dataType":"Map","value":[["E:\\university\\programming\\No7_mobile_app_software_develop\\DevEcoStudioProjects\\EndingProject\\BaiZhanKeep\\entry\\build\\default\\intermediates\\res\\default",{"isDirectory":true,"fileSnapShotHashValue":"66f306b702bb03964604f2306518dc64"}],["E:\\university\\programming\\No7_mobile_app_software_develop\\DevEcoStudioProjects\\EndingProject\\BaiZhanKeep\\entry\\build\\default\\generated\\r\\default\\ResourceTable.h",{"isDirectory":false,"fileSnapShotHashValue":"c5f51ec42fa9a0ff84dd9ac678e5b569"}],["E:\\university\\programming\\No7_mobile_app_software_develop\\DevEcoStudioProjects\\EndingProject\\BaiZhanKeep\\entry\\build\\default\\generated\\r\\default",{"isDirectory":true,"fileSnapShotHashValue":"428cf0c1143f0b124d8dc0a38564308d"}]]}},":BaiZhanKeep:entry:default@CompileArkTS":{"_inputs":[{"dataType":"ValueEntry","value":"{\"_name\":\"BUILTIN_TASK_COMMAND\",\"_value\":\"\",\"_valueType\":\"string\",\"_hash\":\"0b5d05294fdf4e78e8482ef53eb64ac0\"}"},{"dataType":"ValueEntry","value":"{\"_name\":\"BUILTIN_TASK_ENV\",\"_value\":\"\",\"_valueType\":\"string\",\"_hash\":\"cdcdc2ec8062ca9ec1de46dbf2bbc053\"}"},{"dataType":"ValueEntry","value":"{\"_name\":\"BUILTIN_TASK_TOOLCHAIN\",\"_value\":\"\",\"_valueType\":\"string\",\"_hash\":\"e7f94a9422a8bc317a7d90b58efcb5f6\"}"},{"dataType":"ValueEntry","value":"{\"_name\":\"OBFUSCATION_ENABLE\",\"_value\":\"undefined\",\"_valueType\":\"string\",\"_hash\":\"ff7227e14d015249a3e7d1c72a6f786b\"}"},{"dataType":"ValueEntry","value":"{\"_name\":\"ark.tsImportSendable\",\"_value\":false,\"_valueType\":\"boolean\",\"_hash\":\"f04f50b7ce70c30751c6005395587e54\"}"},{"dataType":"ValueEntry","value":"{\"_name\":\"arkTsWdiget\",\"_value\":false,\"_valueType\":\"boolean\",\"_hash\":\"b12526953df011fdbb1a10e071b0de01\"}"},{"dataType":"ValueEntry","value":"{\"_name\":\"caseSensitiveCheck\",\"_value\":false,\"_valueType\":\"boolean\",\"_hash\":\"aad26d12cc6ecf64ecfa582b1a324518\"}"},{"dataType":"ValueEntry","value":"{\"_name\":\"compatibleSdkVersionStage\",\"_value\":\"\",\"_valueType\":\"string\",\"_hash\":\"713e499a13beffe12f1dfb936f957a2a\"}"},{"dataType":"ValueEntry","value":"{\"_name\":\"customTypes\",\"_value\":\"\",\"_valueType\":\"string\",\"_hash\":\"970a2695bffac1c5a4fa283dc36050e3\"}"},{"dataType":"ValueEntry","value":"{\"_name\":\"debuggable\",\"_value\":true,\"_valueType\":\"boolean\",\"_hash\":\"9317e353a3dfc7a50e38661ad8ff5997\"}"},{"dataType":"ValueEntry","value":"{\"_name\":\"isArk\",\"_value\":true,\"_valueType\":\"boolean\",\"_hash\":\"17ecedf2dfb147b839a2b53bbdd3901b\"}"},{"dataType":"ValueEntry","value":"{\"_name\":\"needCoverageInsert\",\"_value\":false,\"_valueType\":\"boolean\",\"_hash\":\"581186029b4d8239f5770bb9c4a40772\"}"},{"dataType":"ValueEntry","value":"{\"_name\":\"noExternalImportByPath\",\"_value\":false,\"_valueType\":\"boolean\",\"_hash\":\"f6ce940efd71de0861cf1c11fa81b403\"}"},{"dataType":"ValueEntry","value":"{\"_name\":\"transformLib\",\"_value\":\"\",\"_valueType\":\"string\",\"_hash\":\"7d270d0ce7ae5c6e2e32760cb396ea5a\"}"},{"dataType":"ValueEntry","value":"{\"_name\":\"useNormalizedOHMUrl\",\"_value\":false,\"_valueType\":\"boolean\",\"_hash\":\"45c309ddef659bd1ca26b5b8988a1a78\"}"}],"_successful":true,"_projectName":"BaiZhanKeep","_moduleName":"entry","_taskName":"default@CompileArkTS","_key":":BaiZhanKeep:entry:default@CompileArkTS","_executionId":":BaiZhanKeep:entry:default@CompileArkTS:1733360003801","_inputFiles":{"dataType":"Map","value":[["E:\\university\\programming\\No7_mobile_app_software_develop\\DevEcoStudioProjects\\EndingProject\\BaiZhanKeep\\entry\\build\\default\\intermediates\\loader\\default",{"isDirectory":true,"fileSnapShotHashValue":"ad4379e75f5ba66722881416d546ad0c"}],["E:\\university\\programming\\No7_mobile_app_software_develop\\DevEcoStudioProjects\\EndingProject\\BaiZhanKeep\\entry\\build\\default\\intermediates\\res\\default\\resources\\rawfile",{"isDirectory":true,"fileSnapShotHashValue":""}],["E:\\university\\programming\\No7_mobile_app_software_develop\\DevEcoStudioProjects\\EndingProject\\BaiZhanKeep\\entry\\build\\default\\intermediates\\res\\default\\ResourceTable.txt",{"fileSnapShotHashValue":"c1f22328834c45206bd00d4dea72151d"}],["E:\\university\\programming\\No7_mobile_app_software_develop\\DevEcoStudioProjects\\EndingProject\\BaiZhanKeep\\entry\\build\\default\\intermediates\\res\\default\\module.json",{"fileSnapShotHashValue":"a1ee5d31e17910df6fe789d19417d0bd"}],["E:\\university\\programming\\No7_mobile_app_software_develop\\DevEcoStudioProjects\\EndingProject\\BaiZhanKeep\\entry\\build\\default\\intermediates\\res\\default\\resources\\base\\profile",{"isDirectory":true,"fileSnapShotHashValue":"f1db247d98304902c9489f8fbc98df8f"}],["E:\\university\\programming\\No7_mobile_app_software_develop\\DevEcoStudioProjects\\EndingProject\\BaiZhanKeep\\entry\\src\\main\\ets",{"isDirectory":true,"fileSnapShotHashValue":"297a2d4d89e678a29aae0140ad24c9d2"}],["E:\\university\\programming\\No7_mobile_app_software_develop\\DevEcoStudioProjects\\EndingProject\\BaiZhanKeep\\entry\\build\\default\\generated\\profile\\default\\BuildProfile.ets",{"fileSnapShotHashValue":"7b7cb6ba946a208b86e233a8f8369551"}]]},"_outputFiles":{"dataType":"Map","value":[["E:\\university\\programming\\No7_mobile_app_software_develop\\DevEcoStudioProjects\\EndingProject\\BaiZhanKeep\\entry\\build\\default\\intermediates\\loader_out\\default\\ets",{"isDirectory":true,"fileSnapShotHashValue":"0cc386a12479bb0eff8a8f947a615249"}]]}},":BaiZhanKeep:entry:default@BuildJS":{"_inputs":[{"dataType":"ValueEntry","value":"{\"_name\":\"debuggable\",\"_value\":true,\"_valueType\":\"boolean\"}"},{"dataType":"ValueEntry","value":"{\"_name\":\"isArk\",\"_value\":true,\"_valueType\":\"boolean\"}"},{"dataType":"ValueEntry","value":"{\"_name\":\"needCoverageInsert\",\"_value\":false,\"_valueType\":\"boolean\"}"},{"dataType":"ValueEntry","value":"{\"_name\":\"ark.tsImportSendable\",\"_value\":false,\"_valueType\":\"boolean\"}"},{"dataType":"ValueEntry","value":"{\"_name\":\"customTypes\",\"_value\":\"\",\"_valueType\":\"string\"}"},{"dataType":"ValueEntry","value":"{\"_name\":\"caseSensitiveCheck\",\"_value\":false,\"_valueType\":\"boolean\"}"},{"dataType":"ValueEntry","value":"{\"_name\":\"useNormalizedOHMUrl\",\"_value\":false,\"_valueType\":\"boolean\"}"},{"dataType":"ValueEntry","value":"{\"_name\":\"transformLib\",\"_value\":\"\",\"_valueType\":\"string\"}"},{"dataType":"ValueEntry","value":"{\"_name\":\"compatibleSdkVersionStage\",\"_value\":\"\",\"_valueType\":\"string\"}"},{"dataType":"ValueEntry","value":"{\"_name\":\"BUILTIN_TASK_COMMAND\",\"_value\":\"\",\"_valueType\":\"string\"}"},{"dataType":"ValueEntry","value":"{\"_name\":\"BUILTIN_TASK_TOOLCHAIN\",\"_value\":\"\",\"_valueType\":\"string\"}"},{"dataType":"ValueEntry","value":"{\"_name\":\"BUILTIN_TASK_ENV\",\"_value\":\"\",\"_valueType\":\"string\"}"}],"_successful":false,"_projectName":"BaiZhanKeep","_moduleName":"entry","_taskName":"default@BuildJS","_key":":BaiZhanKeep:entry:default@BuildJS","_executionId":":BaiZhanKeep:entry:default@BuildJS:1733360423174","_inputFiles":{"dataType":"Map","value":[["E:\\university\\programming\\No7_mobile_app_software_develop\\DevEcoStudioProjects\\EndingProject\\BaiZhanKeep\\entry\\build\\default\\intermediates\\loader\\default",{"isDirectory":true,"fileSnapShotHashValue":"ad4379e75f5ba66722881416d546ad0c"}],["E:\\university\\programming\\No7_mobile_app_software_develop\\DevEcoStudioProjects\\EndingProject\\BaiZhanKeep\\entry\\build\\default\\intermediates\\res\\default\\resources\\rawfile",{"isDirectory":true,"fileSnapShotHashValue":""}],["E:\\university\\programming\\No7_mobile_app_software_develop\\DevEcoStudioProjects\\EndingProject\\BaiZhanKeep\\entry\\build\\default\\intermediates\\res\\default\\ResourceTable.txt",{"fileSnapShotHashValue":"c1f22328834c45206bd00d4dea72151d"}],["E:\\university\\programming\\No7_mobile_app_software_develop\\DevEcoStudioProjects\\EndingProject\\BaiZhanKeep\\entry\\build\\default\\intermediates\\res\\default\\module.json",{"fileSnapShotHashValue":"a1ee5d31e17910df6fe789d19417d0bd"}],["E:\\university\\programming\\No7_mobile_app_software_develop\\DevEcoStudioProjects\\EndingProject\\BaiZhanKeep\\entry\\build\\default\\intermediates\\res\\default\\resources\\base\\profile",{"isDirectory":true,"fileSnapShotHashValue":"f1db247d98304902c9489f8fbc98df8f"}]]},"_outputFiles":{"dataType":"Map","value":[["E:\\university\\programming\\No7_mobile_app_software_develop\\DevEcoStudioProjects\\EndingProject\\BaiZhanKeep\\entry\\build\\default\\intermediates\\loader_out\\default\\js",{"isDirectory":true,"fileSnapShotHashValue":""}]]}},":BaiZhanKeep:entry:default@DoNativeStrip":{"_inputs":[{"dataType":"ValueEntry","value":"{\"_name\":\"BUILTIN_TASK_COMMAND\",\"_value\":\"\",\"_valueType\":\"string\",\"_hash\":\"0b5d05294fdf4e78e8482ef53eb64ac0\"}"},{"dataType":"ValueEntry","value":"{\"_name\":\"BUILTIN_TASK_ENV\",\"_value\":\"\",\"_valueType\":\"string\",\"_hash\":\"cdcdc2ec8062ca9ec1de46dbf2bbc053\"}"},{"dataType":"ValueEntry","value":"{\"_name\":\"BUILTIN_TASK_TOOLCHAIN\",\"_value\":\"\",\"_valueType\":\"string\",\"_hash\":\"e7f94a9422a8bc317a7d90b58efcb5f6\"}"}],"_successful":true,"_projectName":"BaiZhanKeep","_moduleName":"entry","_taskName":"default@DoNativeStrip","_key":":BaiZhanKeep:entry:default@DoNativeStrip","_executionId":":BaiZhanKeep:entry:default@DoNativeStrip:1733298073007","_inputFiles":{"dataType":"Map","value":[["E:\\university\\programming\\No7_mobile_app_software_develop\\DevEcoStudioProjects\\EndingProject\\BaiZhanKeep\\entry\\build\\default\\intermediates\\libs\\default",{"isDirectory":true,"fileSnapShotHashValue":""}]]},"_outputFiles":{"dataType":"Map","value":[["E:\\university\\programming\\No7_mobile_app_software_develop\\DevEcoStudioProjects\\EndingProject\\BaiZhanKeep\\entry\\build\\default\\intermediates\\stripped_native_libs\\default",{"isDirectory":true,"fileSnapShotHashValue":""}]]}},":BaiZhanKeep:entry:default@CacheNativeLibs":{"_inputs":[{"dataType":"ValueEntry","value":"{\"_name\":\"BUILTIN_TASK_COMMAND\",\"_value\":\"\",\"_valueType\":\"string\",\"_hash\":\"0b5d05294fdf4e78e8482ef53eb64ac0\"}"},{"dataType":"ValueEntry","value":"{\"_name\":\"BUILTIN_TASK_ENV\",\"_value\":\"\",\"_valueType\":\"string\",\"_hash\":\"cdcdc2ec8062ca9ec1de46dbf2bbc053\"}"},{"dataType":"ValueEntry","value":"{\"_name\":\"BUILTIN_TASK_TOOLCHAIN\",\"_value\":\"\",\"_valueType\":\"string\",\"_hash\":\"e7f94a9422a8bc317a7d90b58efcb5f6\"}"}],"_successful":true,"_projectName":"BaiZhanKeep","_moduleName":"entry","_taskName":"default@CacheNativeLibs","_key":":BaiZhanKeep:entry:default@CacheNativeLibs","_executionId":":BaiZhanKeep:entry:default@CacheNativeLibs:1733298073032","_inputFiles":{"dataType":"Map","value":[["E:\\university\\programming\\No7_mobile_app_software_develop\\DevEcoStudioProjects\\EndingProject\\BaiZhanKeep\\entry\\build\\default\\intermediates\\libs\\default",{"isDirectory":true,"fileSnapShotHashValue":""}],["E:\\university\\programming\\No7_mobile_app_software_develop\\DevEcoStudioProjects\\EndingProject\\BaiZhanKeep\\entry\\build\\default\\intermediates\\stripped_native_libs\\default",{"isDirectory":true,"fileSnapShotHashValue":""}]]},"_outputFiles":{"dataType":"Map","value":[["E:\\university\\programming\\No7_mobile_app_software_develop\\DevEcoStudioProjects\\EndingProject\\BaiZhanKeep\\entry\\build\\default\\intermediates\\patch\\default\\base_native_libs.json",{"isDirectory":false,"fileSnapShotHashValue":"e3e1d08ab1177678b4c89193bc2d586a"}]]}},":BaiZhanKeep:entry:default@GeneratePkgModuleJson":{"_inputs":[{"dataType":"ValueEntry","value":"{\"_name\":\"BUILTIN_TASK_COMMAND\",\"_value\":\"\",\"_valueType\":\"string\",\"_hash\":\"0b5d05294fdf4e78e8482ef53eb64ac0\"}"},{"dataType":"ValueEntry","value":"{\"_name\":\"BUILTIN_TASK_ENV\",\"_value\":\"\",\"_valueType\":\"string\",\"_hash\":\"cdcdc2ec8062ca9ec1de46dbf2bbc053\"}"},{"dataType":"ValueEntry","value":"{\"_name\":\"BUILTIN_TASK_TOOLCHAIN\",\"_value\":\"\",\"_valueType\":\"string\",\"_hash\":\"e7f94a9422a8bc317a7d90b58efcb5f6\"}"}],"_successful":true,"_projectName":"BaiZhanKeep","_moduleName":"entry","_taskName":"default@GeneratePkgModuleJson","_key":":BaiZhanKeep:entry:default@GeneratePkgModuleJson","_executionId":":BaiZhanKeep:entry:default@GeneratePkgModuleJson:1733360005652","_inputFiles":{"dataType":"Map","value":[["E:\\university\\programming\\No7_mobile_app_software_develop\\DevEcoStudioProjects\\EndingProject\\BaiZhanKeep\\entry\\build\\default\\intermediates\\res\\default\\module.json",{"fileSnapShotHashValue":"a1ee5d31e17910df6fe789d19417d0bd"}]]},"_outputFiles":{"dataType":"Map","value":[["E:\\university\\programming\\No7_mobile_app_software_develop\\DevEcoStudioProjects\\EndingProject\\BaiZhanKeep\\entry\\build\\default\\intermediates\\package\\default\\module.json",{"fileSnapShotHashValue":"a1ee5d31e17910df6fe789d19417d0bd"}]]}},":BaiZhanKeep:entry:default@PackageHap":{"_inputs":[{"dataType":"ValueEntry","value":"{\"_name\":\"BUILTIN_TASK_COMMAND\",\"_value\":\"java,-Dfile.encoding=GBK,-jar,D:\\\\Huaiwei\\\\DevEco Studio\\\\sdk\\\\HarmonyOS-NEXT-DB6\\\\openharmony\\\\toolchains\\\\lib\\\\app_packing_tool.jar,--mode,hap,--force,true,--lib-path,E:\\\\university\\\\programming\\\\No7_mobile_app_software_develop\\\\DevEcoStudioProjects\\\\EndingProject\\\\BaiZhanKeep\\\\entry\\\\build\\\\default\\\\intermediates\\\\stripped_native_libs\\\\default,--json-path,E:\\\\university\\\\programming\\\\No7_mobile_app_software_develop\\\\DevEcoStudioProjects\\\\EndingProject\\\\BaiZhanKeep\\\\entry\\\\build\\\\default\\\\intermediates\\\\package\\\\default\\\\module.json,--resources-path,E:\\\\university\\\\programming\\\\No7_mobile_app_software_develop\\\\DevEcoStudioProjects\\\\EndingProject\\\\BaiZhanKeep\\\\entry\\\\build\\\\default\\\\intermediates\\\\res\\\\default\\\\resources,--index-path,E:\\\\university\\\\programming\\\\No7_mobile_app_software_develop\\\\DevEcoStudioProjects\\\\EndingProject\\\\BaiZhanKeep\\\\entry\\\\build\\\\default\\\\intermediates\\\\res\\\\default\\\\resources.index,--pack-info-path,E:\\\\university\\\\programming\\\\No7_mobile_app_software_develop\\\\DevEcoStudioProjects\\\\EndingProject\\\\BaiZhanKeep\\\\entry\\\\build\\\\default\\\\outputs\\\\default\\\\pack.info,--out-path,E:\\\\university\\\\programming\\\\No7_mobile_app_software_develop\\\\DevEcoStudioProjects\\\\EndingProject\\\\BaiZhanKeep\\\\entry\\\\build\\\\default\\\\outputs\\\\default\\\\entry-default-unsigned.hap,--ets-path,E:\\\\university\\\\programming\\\\No7_mobile_app_software_develop\\\\DevEcoStudioProjects\\\\EndingProject\\\\BaiZhanKeep\\\\entry\\\\build\\\\default\\\\intermediates\\\\loader_out\\\\default\\\\ets\",\"_valueType\":\"string\",\"_hash\":\"9ca231d7fa016aaa7297e93df9034310\"}"},{"dataType":"ValueEntry","value":"{\"_name\":\"BUILTIN_TASK_ENV\",\"_value\":\"\",\"_valueType\":\"string\",\"_hash\":\"cdcdc2ec8062ca9ec1de46dbf2bbc053\"}"},{"dataType":"ValueEntry","value":"{\"_name\":\"BUILTIN_TASK_TOOLCHAIN\",\"_value\":\"D:\\\\Huaiwei\\\\DevEco Studio\\\\sdk\\\\HarmonyOS-NEXT-DB6\\\\openharmony\\\\toolchains\\\\lib\\\\app_packing_tool.jar\",\"_valueType\":\"string\",\"_hash\":\"758384b1fe9161e362f41bcf6d68e87b\"}"},{"dataType":"ValueEntry","value":"{\"_name\":\"bundleType\",\"_value\":\"app\",\"_valueType\":\"string\",\"_hash\":\"52d51b7a536b92694516aaef4862f108\"}"},{"dataType":"ValueEntry","value":"{\"_name\":\"hotReload\",\"_value\":false,\"_valueType\":\"boolean\",\"_hash\":\"5ac751c77a9acfe5e8b96c28ebdbaeed\"}"},{"dataType":"ValueEntry","value":"{\"_name\":\"integrated_hsp\",\"_value\":false,\"_valueType\":\"boolean\",\"_hash\":\"2538281751f182d9123d2ab28efaf9be\"}"},{"dataType":"ValueEntry","value":"{\"_name\":\"projectConfigAppOpt\",\"_valueType\":\"undefined\",\"_hash\":\"b52997704fa206ed96a13a1f2e464a85\"}"},{"dataType":"ValueEntry","value":"{\"_name\":\"sourceMapDir\",\"_value\":\"\",\"_valueType\":\"string\",\"_hash\":\"c5d87571127f849274031c5a70f3fcd9\"}"}],"_successful":true,"_projectName":"BaiZhanKeep","_moduleName":"entry","_taskName":"default@PackageHap","_key":":BaiZhanKeep:entry:default@PackageHap","_executionId":":BaiZhanKeep:entry:default@PackageHap:1733360005662","_inputFiles":{"dataType":"Map","value":[["E:\\university\\programming\\No7_mobile_app_software_develop\\DevEcoStudioProjects\\EndingProject\\BaiZhanKeep\\entry\\build\\default\\intermediates\\stripped_native_libs\\default",{"isDirectory":false,"fileSnapShotHashValue":""}],["E:\\university\\programming\\No7_mobile_app_software_develop\\DevEcoStudioProjects\\EndingProject\\BaiZhanKeep\\entry\\build\\default\\intermediates\\res\\default\\module.json",{"isDirectory":false,"fileSnapShotHashValue":"a1ee5d31e17910df6fe789d19417d0bd"}],["E:\\university\\programming\\No7_mobile_app_software_develop\\DevEcoStudioProjects\\EndingProject\\BaiZhanKeep\\entry\\build\\default\\intermediates\\res\\default\\resources",{"isDirectory":false,"fileSnapShotHashValue":"826ddd8d5993bf14c33cfcebe149d39d"}],["E:\\university\\programming\\No7_mobile_app_software_develop\\DevEcoStudioProjects\\EndingProject\\BaiZhanKeep\\entry\\build\\default\\intermediates\\res\\default\\resources.index",{"isDirectory":false,"fileSnapShotHashValue":"7e9ab93acaefa8ad68029110ecf8b2a1"}],["E:\\university\\programming\\No7_mobile_app_software_develop\\DevEcoStudioProjects\\EndingProject\\BaiZhanKeep\\entry\\build\\default\\outputs\\default\\pack.info",{"isDirectory":false,"fileSnapShotHashValue":"c17b0457bbb265375f5e6b53542585a5"}],["E:\\university\\programming\\No7_mobile_app_software_develop\\DevEcoStudioProjects\\EndingProject\\BaiZhanKeep\\entry\\build\\default\\intermediates\\loader_out\\default\\ets",{"isDirectory":false,"fileSnapShotHashValue":"0cc386a12479bb0eff8a8f947a615249"}],["E:\\university\\programming\\No7_mobile_app_software_develop\\DevEcoStudioProjects\\EndingProject\\BaiZhanKeep\\entry\\build\\default\\generated\\profile\\default\\BuildProfile.ets",{"fileSnapShotHashValue":"7b7cb6ba946a208b86e233a8f8369551"}]]},"_outputFiles":{"dataType":"Map","value":[["E:\\university\\programming\\No7_mobile_app_software_develop\\DevEcoStudioProjects\\EndingProject\\BaiZhanKeep\\entry\\build\\default\\outputs\\default\\entry-default-unsigned.hap",{"isDirectory":false,"fileSnapShotHashValue":"a2f17d830a9c594df25dbb9a6823741f"}],["E:\\university\\programming\\No7_mobile_app_software_develop\\DevEcoStudioProjects\\EndingProject\\BaiZhanKeep\\entry\\build\\default\\outputs\\default\\mapping\\sourceMaps.map",{"fileSnapShotHashValue":"123facc6dbfc2c0270f188d5e43e8ceb"}]]}},":BaiZhanKeep:entry:default@SignHap":{"_inputs":[{"dataType":"ValueEntry","value":"{\"_name\":\"enableSignTask\",\"_value\":true,\"_valueType\":\"boolean\"}"},{"dataType":"ValueEntry","value":"{\"_name\":\"sdkToolchainsComponentVersion\",\"_value\":\"5.0.0.61\",\"_valueType\":\"string\"}"},{"dataType":"ValueEntry","value":"{\"_name\":\"existSigningConfig\",\"_value\":false,\"_valueType\":\"boolean\"}"},{"dataType":"ValueEntry","value":"{\"_name\":\"BUILTIN_TASK_COMMAND\",\"_value\":\"\",\"_valueType\":\"string\"}"},{"dataType":"ValueEntry","value":"{\"_name\":\"BUILTIN_TASK_TOOLCHAIN\",\"_value\":\"\",\"_valueType\":\"string\"}"},{"dataType":"ValueEntry","value":"{\"_name\":\"BUILTIN_TASK_ENV\",\"_value\":\"\",\"_valueType\":\"string\"}"}],"_successful":true,"_projectName":"BaiZhanKeep","_moduleName":"entry","_taskName":"default@SignHap","_key":":BaiZhanKeep:entry:default@SignHap","_executionId":":BaiZhanKeep:entry:default@SignHap:1733360423210","_inputFiles":{"dataType":"Map","value":[["E:\\university\\programming\\No7_mobile_app_software_develop\\DevEcoStudioProjects\\EndingProject\\BaiZhanKeep\\entry\\build\\default\\outputs\\default\\entry-default-unsigned.hap",{"isDirectory":false,"fileSnapShotHashValue":"a2f17d830a9c594df25dbb9a6823741f"}]]},"_outputFiles":{"dataType":"Map","value":[["E:\\university\\programming\\No7_mobile_app_software_develop\\DevEcoStudioProjects\\EndingProject\\BaiZhanKeep\\entry\\build\\default\\outputs\\default\\entry-default-signed.hap",{"isDirectory":false,"fileSnapShotHashValue":""}]]}}}