{"deviceType":"phone,tablet","localPropertiesPath":"D:\\LHarmonyProject\\BaiZhanKeep\\local.properties","Path":"E:\\node\\","note":"false","aceProfilePath":"D:\\LHarmonyProject\\BaiZhanKeep\\entry\\.preview\\default\\intermediates\\res\\default\\resources\\base\\profile","isPreview":"true","hapMode":"false","buildMode":"debug","img2bin":"true","projectProfilePath":"D:\\LHarmonyProject\\BaiZhanKeep\\build-profile.json5","watchMode":"true","appResource":"D:\\LHarmonyProject\\BaiZhanKeep\\entry\\.preview\\default\\intermediates\\res\\default\\ResourceTable.txt","logLevel":"3","stageRouterConfig":{"contents":["{\"module\":{\"pages\":\"$profile:main_pages\",\"name\":\"entry\"}}","{\"src\":[\"view/mine/MineContent\"]}"],"paths":["D:\\LHarmonyProject\\BaiZhanKeep\\entry\\.preview\\default\\intermediates\\res\\default\\module.json","D:\\LHarmonyProject\\BaiZhanKeep\\entry\\.preview\\default\\intermediates\\res\\default\\resources\\base\\profile\\main_pages.json"]},"port":"29905","aceBuildJson":"D:\\LHarmonyProject\\BaiZhanKeep\\entry\\.preview\\default\\intermediates\\loader\\default\\loader.json","aceModuleRoot":"D:\\LHarmonyProject\\BaiZhanKeep\\entry\\src\\main\\ets","aceSoPath":"D:\\LHarmonyProject\\BaiZhanKeep\\entry\\.preview\\cache\\nativeDependencies.txt","cachePath":"D:\\LHarmonyProject\\BaiZhanKeep\\entry\\.preview\\cache","aceModuleBuild":"D:\\LHarmonyProject\\BaiZhanKeep\\entry\\.preview\\default\\intermediates\\assets\\default\\ets","aceSuperVisualPath":"D:\\LHarmonyProject\\BaiZhanKeep\\entry\\src\\main\\supervisual","aceModuleJsonPath":"D:\\LHarmonyProject\\BaiZhanKeep\\entry\\.preview\\default\\intermediates\\res\\default\\module.json"}